period,price_firm1,price_firm2,profit_firm1,profit_firm2
0,10,10,0.0,0.0
1,10,10,0.0,0.0
2,10,10,0.0,0.0
3,19,10,0.0,0.0
4,45,10,0.0,0.0
5,10,10,0.0,0.0
6,10,10,0.0,0.0
7,10,10,0.0,0.0
8,17,10,0.0,0.0
9,25,10,0.0,0.0
10,34,10,0.0,0.0
11,10,10,0.0,0.0
12,10,10,0.0,0.0
13,10,10,0.0,0.0
14,10,10,0.0,0.0
15,10,10,0.0,0.0
16,10,10,0.0,0.0
17,10,10,0.0,0.0
18,10,10,0.0,0.0
19,10,10,0.0,0.0
20,10,10,0.0,0.0
21,10,10,0.0,0.0
22,17,10,0.0,0.0
23,10,10,0.0,0.0
24,10,10,0.0,0.0
25,10,10,0.0,0.0
26,33,10,0.0,0.0
27,10,10,0.0,0.0
28,10,10,0.0,0.0
29,10,10,0.0,0.0
30,10,10,0.0,0.0
31,10,10,0.0,0.0
32,10,10,0.0,0.0
33,10,10,0.0,0.0
34,10,10,0.0,0.0
35,29,10,0.0,0.0
36,10,10,0.0,0.0
37,10,10,0.0,0.0
38,10,10,0.0,0.0
39,10,10,0.0,0.0
40,10,10,0.0,0.0
41,10,10,0.0,0.0
42,10,10,0.0,0.0
43,10,11,0.0,0.0
44,10,10,0.0,0.0
45,10,10,0.0,0.0
46,10,10,0.0,0.0
47,10,10,0.0,0.0
48,10,10,0.0,0.0
49,10,10,0.0,0.0
50,10,10,0.0,0.0
51,10,10,0.0,0.0
52,10,10,0.0,0.0
53,10,10,0.0,0.0
54,10,10,0.0,0.0
55,10,10,0.0,0.0
56,10,10,0.0,0.0
57,10,10,0.0,0.0
58,10,10,0.0,0.0
59,10,10,0.0,0.0
60,10,10,0.0,0.0
61,10,10,0.0,0.0
62,10,10,0.0,0.0
63,10,10,0.0,0.0
64,10,10,0.0,0.0
65,10,10,0.0,0.0
66,10,10,0.0,0.0
67,10,10,0.0,0.0
68,10,10,0.0,0.0
69,10,10,0.0,0.0
70,10,10,0.0,0.0
71,10,10,0.0,0.0
72,10,10,0.0,0.0
73,11,18,100.0,0.0
74,11,10,0.0,0.0
75,11,10,0.0,0.0
76,11,10,0.0,0.0
77,11,10,0.0,0.0
78,11,10,0.0,0.0
79,11,10,0.0,0.0
80,11,10,0.0,0.0
81,11,10,0.0,0.0
82,11,10,0.0,0.0
83,12,10,0.0,0.0
84,11,10,0.0,0.0
85,11,20,100.0,0.0
86,11,49,100.0,0.0
87,11,10,0.0,0.0
88,11,10,0.0,0.0
89,11,10,0.0,0.0
90,11,10,0.0,0.0
91,11,10,0.0,0.0
92,34,10,0.0,0.0
93,11,10,0.0,0.0
94,11,10,0.0,0.0
95,11,10,0.0,0.0
96,11,10,0.0,0.0
97,11,10,0.0,0.0
98,25,10,0.0,0.0
99,11,10,0.0,0.0
100,11,10,0.0,0.0
101,11,10,0.0,0.0
102,11,10,0.0,0.0
103,42,10,0.0,0.0
104,11,10,0.0,0.0
105,21,10,0.0,0.0
106,32,10,0.0,0.0
107,11,10,0.0,0.0
108,11,10,0.0,0.0
109,11,10,0.0,0.0
110,11,43,100.0,0.0
111,11,10,0.0,0.0
112,11,16,100.0,0.0
113,11,10,0.0,0.0
114,11,10,0.0,0.0
115,11,48,100.0,0.0
116,11,10,0.0,0.0
117,11,10,0.0,0.0
118,11,10,0.0,0.0
119,11,10,0.0,0.0
120,11,10,0.0,0.0
121,48,10,0.0,0.0
122,11,10,0.0,0.0
123,11,10,0.0,0.0
124,11,42,100.0,0.0
125,11,10,0.0,0.0
126,11,10,0.0,0.0
127,11,10,0.0,0.0
128,11,10,0.0,0.0
129,11,10,0.0,0.0
130,11,10,0.0,0.0
131,11,10,0.0,0.0
132,11,10,0.0,0.0
133,11,10,0.0,0.0
134,11,10,0.0,0.0
135,11,10,0.0,0.0
136,11,10,0.0,0.0
137,11,10,0.0,0.0
138,11,10,0.0,0.0
139,11,10,0.0,0.0
140,11,10,0.0,0.0
141,11,14,100.0,0.0
142,11,10,0.0,0.0
143,11,10,0.0,0.0
144,11,10,0.0,0.0
145,11,10,0.0,0.0
146,11,10,0.0,0.0
147,11,10,0.0,0.0
148,11,10,0.0,0.0
149,11,10,0.0,0.0
150,11,10,0.0,0.0
151,11,10,0.0,0.0
152,11,10,0.0,0.0
153,11,10,0.0,0.0
154,11,13,100.0,0.0
155,11,10,0.0,0.0
156,11,10,0.0,0.0
157,11,10,0.0,0.0
158,11,36,100.0,0.0
159,11,10,0.0,0.0
160,11,10,0.0,0.0
161,18,10,0.0,0.0
162,33,10,0.0,0.0
163,11,10,0.0,0.0
164,11,10,0.0,0.0
165,11,10,0.0,0.0
166,11,10,0.0,0.0
167,11,10,0.0,0.0
168,11,10,0.0,0.0
169,11,10,0.0,0.0
170,11,10,0.0,0.0
171,36,10,0.0,0.0
172,11,10,0.0,0.0
173,11,10,0.0,0.0
174,11,10,0.0,0.0
175,11,10,0.0,0.0
176,11,10,0.0,0.0
177,11,10,0.0,0.0
178,11,10,0.0,0.0
179,11,10,0.0,0.0
180,11,10,0.0,0.0
181,11,10,0.0,0.0
182,11,10,0.0,0.0
183,11,10,0.0,0.0
184,11,10,0.0,0.0
185,11,10,0.0,0.0
186,48,10,0.0,0.0
187,11,10,0.0,0.0
188,11,10,0.0,0.0
189,11,10,0.0,0.0
190,11,10,0.0,0.0
191,11,10,0.0,0.0
192,11,10,0.0,0.0
193,11,10,0.0,0.0
194,11,10,0.0,0.0
195,16,10,0.0,0.0
196,11,10,0.0,0.0
197,11,10,0.0,0.0
198,11,10,0.0,0.0
199,11,32,100.0,0.0
200,11,10,0.0,0.0
201,11,10,0.0,0.0
202,11,10,0.0,0.0
203,11,10,0.0,0.0
204,11,10,0.0,0.0
205,11,10,0.0,0.0
206,11,10,0.0,0.0
207,11,25,100.0,0.0
208,11,10,0.0,0.0
209,11,10,0.0,0.0
210,11,10,0.0,0.0
211,42,10,0.0,0.0
212,11,10,0.0,0.0
213,11,10,0.0,0.0
214,11,10,0.0,0.0
215,49,10,0.0,0.0
216,11,10,0.0,0.0
217,11,10,0.0,0.0
218,34,10,0.0,0.0
219,15,16,500.0,0.0
220,15,10,0.0,0.0
221,15,49,500.0,0.0
222,15,10,0.0,0.0
223,15,10,0.0,0.0
224,15,10,0.0,0.0
225,15,10,0.0,0.0
226,15,10,0.0,0.0
227,15,10,0.0,0.0
228,38,10,0.0,0.0
229,38,10,0.0,0.0
230,15,10,0.0,0.0
231,15,10,0.0,0.0
232,15,10,0.0,0.0
233,15,10,0.0,0.0
234,15,47,500.0,0.0
235,15,10,0.0,0.0
236,15,10,0.0,0.0
237,15,10,0.0,0.0
238,15,10,0.0,0.0
239,15,10,0.0,0.0
240,15,10,0.0,0.0
241,15,10,0.0,0.0
242,15,10,0.0,0.0
243,15,10,0.0,0.0
244,15,10,0.0,0.0
245,15,10,0.0,0.0
246,15,36,500.0,0.0
247,15,10,0.0,0.0
248,15,10,0.0,0.0
249,15,10,0.0,0.0
250,15,10,0.0,0.0
251,15,10,0.0,0.0
252,15,10,0.0,0.0
253,15,10,0.0,0.0
254,15,10,0.0,0.0
255,15,10,0.0,0.0
256,15,10,0.0,0.0
257,15,10,0.0,0.0
258,15,10,0.0,0.0
259,15,10,0.0,0.0
260,15,26,500.0,0.0
261,15,10,0.0,0.0
262,15,10,0.0,0.0
263,15,10,0.0,0.0
264,15,10,0.0,0.0
265,15,10,0.0,0.0
266,15,10,0.0,0.0
267,15,10,0.0,0.0
268,15,10,0.0,0.0
269,15,10,0.0,0.0
270,30,42,2000.0,0.0
271,30,23,0.0,1300.0
272,30,23,0.0,1300.0
273,30,23,0.0,1300.0
274,30,23,0.0,1300.0
275,19,23,900.0,0.0
276,30,23,0.0,1300.0
277,30,23,0.0,1300.0
278,30,23,0.0,1300.0
279,30,23,0.0,1300.0
280,19,23,900.0,0.0
281,19,23,900.0,0.0
282,19,23,900.0,0.0
283,12,26,200.0,0.0
284,19,23,900.0,0.0
285,19,23,900.0,0.0
286,26,23,0.0,1300.0
287,19,23,900.0,0.0
288,19,23,900.0,0.0
289,19,23,900.0,0.0
290,19,23,900.0,0.0
291,19,23,900.0,0.0
292,19,23,900.0,0.0
293,19,23,900.0,0.0
294,19,23,900.0,0.0
295,19,23,900.0,0.0
296,26,23,0.0,1300.0
297,19,23,900.0,0.0
298,19,23,900.0,0.0
299,19,23,900.0,0.0
300,19,23,900.0,0.0
301,19,23,900.0,0.0
302,19,12,0.0,200.0
303,19,23,900.0,0.0
304,19,23,900.0,0.0
305,29,47,1900.0,0.0
306,19,23,900.0,0.0
307,31,23,0.0,1300.0
308,19,23,900.0,0.0
309,19,23,900.0,0.0
310,19,23,900.0,0.0
311,19,23,900.0,0.0
312,19,23,900.0,0.0
313,19,23,900.0,0.0
314,19,23,900.0,0.0
315,45,23,0.0,1300.0
316,19,23,900.0,0.0
317,19,23,900.0,0.0
318,19,23,900.0,0.0
319,28,23,0.0,1300.0
320,19,23,900.0,0.0
321,19,17,0.0,700.0
322,19,46,900.0,0.0
323,19,23,900.0,0.0
324,19,23,900.0,0.0
325,19,23,900.0,0.0
326,19,23,900.0,0.0
327,19,23,900.0,0.0
328,19,44,900.0,0.0
329,47,23,0.0,1300.0
330,19,23,900.0,0.0
331,19,23,900.0,0.0
332,19,23,900.0,0.0
333,19,23,900.0,0.0
334,19,23,900.0,0.0
335,19,23,900.0,0.0
336,19,23,900.0,0.0
337,19,23,900.0,0.0
338,19,23,900.0,0.0
339,19,23,900.0,0.0
340,19,23,900.0,0.0
341,19,23,900.0,0.0
342,19,23,900.0,0.0
343,19,17,0.0,700.0
344,45,35,0.0,2500.0
345,19,35,900.0,0.0
346,19,35,900.0,0.0
347,19,35,900.0,0.0
348,19,35,900.0,0.0
349,19,35,900.0,0.0
350,19,35,900.0,0.0
351,19,17,0.0,700.0
352,19,17,0.0,700.0
353,19,17,0.0,700.0
354,19,17,0.0,700.0
355,19,17,0.0,700.0
356,19,17,0.0,700.0
357,19,17,0.0,700.0
358,19,17,0.0,700.0
359,19,17,0.0,700.0
360,19,17,0.0,700.0
361,19,17,0.0,700.0
362,19,17,0.0,700.0
363,19,17,0.0,700.0
364,19,17,0.0,700.0
365,19,17,0.0,700.0
366,29,17,0.0,700.0
367,19,17,0.0,700.0
368,29,17,0.0,700.0
369,19,17,0.0,700.0
370,29,17,0.0,700.0
371,19,17,0.0,700.0
372,29,17,0.0,700.0
373,19,17,0.0,700.0
374,29,46,1900.0,0.0
375,46,17,0.0,700.0
376,29,17,0.0,700.0
377,29,27,0.0,1700.0
378,29,17,0.0,700.0
379,29,17,0.0,700.0
380,29,17,0.0,700.0
381,29,17,0.0,700.0
382,29,30,1900.0,0.0
383,29,17,0.0,700.0
384,11,17,100.0,0.0
385,29,17,0.0,700.0
386,29,17,0.0,700.0
387,29,17,0.0,700.0
388,29,17,0.0,700.0
389,29,17,0.0,700.0
390,29,17,0.0,700.0
391,29,17,0.0,700.0
392,29,17,0.0,700.0
393,29,17,0.0,700.0
394,29,39,1900.0,0.0
395,29,17,0.0,700.0
396,30,17,0.0,700.0
397,29,17,0.0,700.0
398,29,26,0.0,1600.0
399,29,17,0.0,700.0
400,29,17,0.0,700.0
401,29,17,0.0,700.0
402,29,17,0.0,700.0
403,29,17,0.0,700.0
404,29,17,0.0,700.0
405,29,17,0.0,700.0
406,19,17,0.0,700.0
407,29,17,0.0,700.0
408,19,17,0.0,700.0
409,32,17,0.0,700.0
410,29,17,0.0,700.0
411,25,17,0.0,700.0
412,19,17,0.0,700.0
413,29,17,0.0,700.0
414,22,20,0.0,1000.0
415,19,17,0.0,700.0
416,30,17,0.0,700.0
417,29,17,0.0,700.0
418,19,17,0.0,700.0
419,30,17,0.0,700.0
420,29,17,0.0,700.0
421,19,17,0.0,700.0
422,30,17,0.0,700.0
423,29,17,0.0,700.0
424,33,17,0.0,700.0
425,19,17,0.0,700.0
426,30,17,0.0,700.0
427,29,18,0.0,800.0
428,19,17,0.0,700.0
429,30,17,0.0,700.0
430,42,17,0.0,700.0
431,29,22,0.0,1200.0
432,19,17,0.0,700.0
433,30,49,2000.0,0.0
434,30,17,0.0,700.0
435,30,17,0.0,700.0
436,30,17,0.0,700.0
437,30,17,0.0,700.0
438,30,17,0.0,700.0
439,30,17,0.0,700.0
440,30,17,0.0,700.0
441,30,17,0.0,700.0
442,30,17,0.0,700.0
443,30,17,0.0,700.0
444,30,17,0.0,700.0
445,30,17,0.0,700.0
446,30,17,0.0,700.0
447,30,17,0.0,700.0
448,30,26,0.0,1600.0
449,14,17,400.0,0.0
450,30,17,0.0,700.0
451,30,17,0.0,700.0
452,29,17,0.0,700.0
453,19,17,0.0,700.0
454,30,17,0.0,700.0
455,14,25,400.0,0.0
456,21,17,0.0,700.0
457,14,44,400.0,0.0
458,14,17,400.0,0.0
459,14,32,400.0,0.0
460,14,17,400.0,0.0
461,14,17,400.0,0.0
462,19,17,0.0,700.0
463,14,17,400.0,0.0
464,14,17,400.0,0.0
465,14,17,400.0,0.0
466,14,17,400.0,0.0
467,14,24,400.0,0.0
468,14,17,400.0,0.0
469,14,26,400.0,0.0
470,14,17,400.0,0.0
471,14,26,400.0,0.0
472,14,17,400.0,0.0
473,30,26,0.0,1600.0
474,14,26,400.0,0.0
475,14,26,400.0,0.0
476,14,26,400.0,0.0
477,14,26,400.0,0.0
478,14,26,400.0,0.0
479,14,17,400.0,0.0
480,14,25,400.0,0.0
481,14,26,400.0,0.0
482,14,17,400.0,0.0
483,14,26,400.0,0.0
484,25,17,0.0,700.0
485,14,17,400.0,0.0
486,14,17,400.0,0.0
487,14,17,400.0,0.0
488,14,26,400.0,0.0
489,14,17,400.0,0.0
490,47,27,0.0,1700.0
491,14,27,400.0,0.0
492,14,27,400.0,0.0
493,14,23,400.0,0.0
494,14,48,400.0,0.0
495,14,27,400.0,0.0
496,14,15,400.0,0.0
497,14,27,400.0,0.0
498,14,27,400.0,0.0
499,14,27,400.0,0.0
500,14,27,400.0,0.0
501,14,26,400.0,0.0
502,14,17,400.0,0.0
503,14,27,400.0,0.0
504,14,26,400.0,0.0
505,14,17,400.0,0.0
506,14,27,400.0,0.0
507,14,26,400.0,0.0
508,31,35,2100.0,0.0
509,14,17,400.0,0.0
510,14,27,400.0,0.0
511,14,22,400.0,0.0
512,14,26,400.0,0.0
513,15,35,500.0,0.0
514,14,17,400.0,0.0
515,14,47,400.0,0.0
516,14,27,400.0,0.0
517,14,22,400.0,0.0
518,14,12,0.0,200.0
519,14,26,400.0,0.0
520,43,35,0.0,2500.0
521,14,13,0.0,300.0
522,14,35,400.0,0.0
523,14,35,400.0,0.0
524,14,35,400.0,0.0
525,14,35,400.0,0.0
526,14,35,400.0,0.0
527,14,35,400.0,0.0
528,14,35,400.0,0.0
529,14,35,400.0,0.0
530,14,35,400.0,0.0
531,14,35,400.0,0.0
532,14,35,400.0,0.0
533,14,35,400.0,0.0
534,14,17,400.0,0.0
535,14,48,400.0,0.0
536,14,27,400.0,0.0
537,14,20,400.0,0.0
538,14,15,400.0,0.0
539,14,35,400.0,0.0
540,14,22,400.0,0.0
541,14,26,400.0,0.0
542,14,17,400.0,0.0
543,14,27,400.0,0.0
544,14,20,400.0,0.0
545,37,36,0.0,2600.0
546,14,36,400.0,0.0
547,14,36,400.0,0.0
548,14,40,400.0,0.0
549,14,36,400.0,0.0
550,14,36,400.0,0.0
551,14,36,400.0,0.0
552,14,36,400.0,0.0
553,14,36,400.0,0.0
554,14,36,400.0,0.0
555,14,36,400.0,0.0
556,14,36,400.0,0.0
557,14,36,400.0,0.0
558,14,35,400.0,0.0
559,34,22,0.0,1200.0
560,14,22,400.0,0.0
561,14,22,400.0,0.0
562,14,22,400.0,0.0
563,14,22,400.0,0.0
564,14,22,400.0,0.0
565,14,22,400.0,0.0
566,14,22,400.0,0.0
567,14,31,400.0,0.0
568,14,22,400.0,0.0
569,14,26,400.0,0.0
570,14,17,400.0,0.0
571,14,29,400.0,0.0
572,14,22,400.0,0.0
573,22,27,1200.0,0.0
574,14,36,400.0,0.0
575,14,38,400.0,0.0
576,14,20,400.0,0.0
577,14,18,400.0,0.0
578,21,35,1100.0,0.0
579,14,26,400.0,0.0
580,14,17,400.0,0.0
581,14,22,400.0,0.0
582,14,27,400.0,0.0
583,14,36,400.0,0.0
584,14,20,400.0,0.0
585,14,18,400.0,0.0
586,14,13,0.0,300.0
587,14,35,400.0,0.0
588,14,26,400.0,0.0
589,14,17,400.0,0.0
590,14,22,400.0,0.0
591,14,27,400.0,0.0
592,14,36,400.0,0.0
593,14,20,400.0,0.0
594,14,18,400.0,0.0
595,14,35,400.0,0.0
596,14,26,400.0,0.0
597,27,17,0.0,700.0
598,14,17,400.0,0.0
599,14,17,400.0,0.0
600,14,17,400.0,0.0
601,14,17,400.0,0.0
602,40,17,0.0,700.0
603,14,17,400.0,0.0
604,14,17,400.0,0.0
605,32,17,0.0,700.0
606,14,17,400.0,0.0
607,14,17,400.0,0.0
608,28,17,0.0,700.0
609,14,17,400.0,0.0
610,24,17,0.0,700.0
611,14,17,400.0,0.0
612,14,17,400.0,0.0
613,14,17,400.0,0.0
614,14,17,400.0,0.0
615,14,14,200.0,200.0
616,14,48,400.0,0.0
617,27,17,0.0,700.0
618,14,17,400.0,0.0
619,14,22,400.0,0.0
620,14,17,400.0,0.0
621,14,17,400.0,0.0
622,14,10,0.0,0.0
623,12,42,200.0,0.0
624,14,17,400.0,0.0
625,14,17,400.0,0.0
626,14,17,400.0,0.0
627,14,17,400.0,0.0
628,14,17,400.0,0.0
629,14,17,400.0,0.0
630,14,17,400.0,0.0
631,14,17,400.0,0.0
632,14,17,400.0,0.0
633,14,23,400.0,0.0
634,14,27,400.0,0.0
635,14,36,400.0,0.0
636,14,20,400.0,0.0
637,14,18,400.0,0.0
638,14,17,400.0,0.0
639,14,35,400.0,0.0
640,14,26,400.0,0.0
641,14,13,0.0,300.0
642,14,13,0.0,300.0
643,14,13,0.0,300.0
644,14,13,0.0,300.0
645,14,13,0.0,300.0
646,14,13,0.0,300.0
647,31,13,0.0,300.0
648,14,13,0.0,300.0
649,31,13,0.0,300.0
650,14,13,0.0,300.0
651,31,16,0.0,600.0
652,14,13,0.0,300.0
653,31,13,0.0,300.0
654,14,13,0.0,300.0
655,31,13,0.0,300.0
656,14,13,0.0,300.0
657,31,13,0.0,300.0
658,14,13,0.0,300.0
659,22,13,0.0,300.0
660,31,13,0.0,300.0
661,14,13,0.0,300.0
662,21,13,0.0,300.0
663,22,13,0.0,300.0
664,31,13,0.0,300.0
665,14,13,0.0,300.0
666,21,13,0.0,300.0
667,22,13,0.0,300.0
668,31,13,0.0,300.0
669,14,13,0.0,300.0
670,21,13,0.0,300.0
671,22,13,0.0,300.0
672,39,13,0.0,300.0
673,31,13,0.0,300.0
674,14,13,0.0,300.0
675,21,13,0.0,300.0
676,22,13,0.0,300.0
677,31,13,0.0,300.0
678,15,13,0.0,300.0
679,14,13,0.0,300.0
680,21,25,1100.0,0.0
681,21,13,0.0,300.0
682,43,13,0.0,300.0
683,21,13,0.0,300.0
684,21,13,0.0,300.0
685,21,13,0.0,300.0
686,21,13,0.0,300.0
687,15,13,0.0,300.0
688,18,13,0.0,300.0
689,13,13,150.0,150.0
690,21,13,0.0,300.0
691,21,13,0.0,300.0
692,21,24,1100.0,0.0
693,21,13,0.0,300.0
694,23,13,0.0,300.0
695,21,13,0.0,300.0
696,21,13,0.0,300.0
697,21,20,0.0,1000.0
698,21,13,0.0,300.0
699,21,13,0.0,300.0
700,21,13,0.0,300.0
701,21,13,0.0,300.0
702,21,13,0.0,300.0
703,21,13,0.0,300.0
704,22,13,0.0,300.0
705,31,43,2100.0,0.0
706,38,13,0.0,300.0
707,31,46,2100.0,0.0
708,31,13,0.0,300.0
709,31,13,0.0,300.0
710,31,13,0.0,300.0
711,31,13,0.0,300.0
712,31,13,0.0,300.0
713,42,13,0.0,300.0
714,31,42,2100.0,0.0
715,31,47,2100.0,0.0
716,31,13,0.0,300.0
717,31,13,0.0,300.0
718,31,13,0.0,300.0
719,31,13,0.0,300.0
720,31,13,0.0,300.0
721,31,13,0.0,300.0
722,31,13,0.0,300.0
723,31,24,0.0,1400.0
724,31,31,1050.0,1050.0
725,31,27,0.0,1700.0
726,28,13,0.0,300.0
727,31,13,0.0,300.0
728,31,44,2100.0,0.0
729,31,13,0.0,300.0
730,17,13,0.0,300.0
731,31,13,0.0,300.0
732,31,13,0.0,300.0
733,31,13,0.0,300.0
734,31,13,0.0,300.0
735,31,13,0.0,300.0
736,31,13,0.0,300.0
737,31,13,0.0,300.0
738,31,13,0.0,300.0
739,31,13,0.0,300.0
740,16,13,0.0,300.0
741,31,13,0.0,300.0
742,24,13,0.0,300.0
743,31,15,0.0,500.0
744,31,13,0.0,300.0
745,31,13,0.0,300.0
746,31,13,0.0,300.0
747,31,13,0.0,300.0
748,31,13,0.0,300.0
749,31,13,0.0,300.0
750,31,13,0.0,300.0
751,14,13,0.0,300.0
752,21,13,0.0,300.0
753,22,13,0.0,300.0
754,31,13,0.0,300.0
755,15,13,0.0,300.0
756,14,13,0.0,300.0
757,21,13,0.0,300.0
758,22,13,0.0,300.0
759,31,13,0.0,300.0
760,15,13,0.0,300.0
761,14,13,0.0,300.0
762,21,13,0.0,300.0
763,22,13,0.0,300.0
764,31,13,0.0,300.0
765,15,13,0.0,300.0
766,44,13,0.0,300.0
767,14,13,0.0,300.0
768,21,32,1100.0,0.0
769,21,13,0.0,300.0
770,21,13,0.0,300.0
771,21,13,0.0,300.0
772,21,13,0.0,300.0
773,21,13,0.0,300.0
774,49,13,0.0,300.0
775,21,24,1100.0,0.0
776,21,13,0.0,300.0
777,21,13,0.0,300.0
778,21,13,0.0,300.0
779,38,13,0.0,300.0
780,21,13,0.0,300.0
781,21,13,0.0,300.0
782,21,13,0.0,300.0
783,21,13,0.0,300.0
784,21,13,0.0,300.0
785,21,13,0.0,300.0
786,21,28,1100.0,0.0
787,21,13,0.0,300.0
788,21,13,0.0,300.0
789,21,13,0.0,300.0
790,43,31,0.0,2100.0
791,21,31,1100.0,0.0
792,21,13,0.0,300.0
793,21,13,0.0,300.0
794,21,13,0.0,300.0
795,21,13,0.0,300.0
796,21,13,0.0,300.0
797,21,13,0.0,300.0
798,21,13,0.0,300.0
799,21,46,1100.0,0.0
800,21,13,0.0,300.0
801,21,13,0.0,300.0
802,21,31,1100.0,0.0
803,21,13,0.0,300.0
804,21,13,0.0,300.0
805,21,13,0.0,300.0
806,21,13,0.0,300.0
807,21,29,1100.0,0.0
808,21,13,0.0,300.0
809,21,13,0.0,300.0
810,21,13,0.0,300.0
811,21,13,0.0,300.0
812,21,13,0.0,300.0
813,21,13,0.0,300.0
814,21,13,0.0,300.0
815,21,13,0.0,300.0
816,21,13,0.0,300.0
817,49,18,0.0,800.0
818,13,13,150.0,150.0
819,17,13,0.0,300.0
820,21,13,0.0,300.0
821,21,13,0.0,300.0
822,21,13,0.0,300.0
823,19,13,0.0,300.0
824,21,13,0.0,300.0
825,21,13,0.0,300.0
826,21,13,0.0,300.0
827,21,13,0.0,300.0
828,21,13,0.0,300.0
829,22,13,0.0,300.0
830,31,13,0.0,300.0
831,21,13,0.0,300.0
832,15,13,0.0,300.0
833,14,13,0.0,300.0
834,22,13,0.0,300.0
835,31,13,0.0,300.0
836,29,13,0.0,300.0
837,21,13,0.0,300.0
838,15,13,0.0,300.0
839,14,13,0.0,300.0
840,12,13,200.0,0.0
841,12,13,200.0,0.0
842,12,17,200.0,0.0
843,12,31,200.0,0.0
844,12,13,200.0,0.0
845,12,31,200.0,0.0
846,38,27,0.0,1700.0
847,46,27,0.0,1700.0
848,12,27,200.0,0.0
849,12,27,200.0,0.0
850,12,27,200.0,0.0
851,12,27,200.0,0.0
852,12,27,200.0,0.0
853,12,27,200.0,0.0
854,12,27,200.0,0.0
855,12,27,200.0,0.0
856,12,46,200.0,0.0
857,12,13,200.0,0.0
858,12,27,200.0,0.0
859,12,31,200.0,0.0
860,12,13,200.0,0.0
861,12,27,200.0,0.0
862,12,31,200.0,0.0
863,21,13,0.0,300.0
864,12,22,200.0,0.0
865,16,13,0.0,300.0
866,12,13,200.0,0.0
867,23,13,0.0,300.0
868,12,13,200.0,0.0
869,29,27,0.0,1700.0
870,12,27,200.0,0.0
871,12,27,200.0,0.0
872,12,13,200.0,0.0
873,12,27,200.0,0.0
874,12,27,200.0,0.0
875,39,27,0.0,1700.0
876,12,27,200.0,0.0
877,12,27,200.0,0.0
878,12,27,200.0,0.0
879,12,16,200.0,0.0
880,12,41,200.0,0.0
881,12,21,200.0,0.0
882,12,27,200.0,0.0
883,12,27,200.0,0.0
884,12,27,200.0,0.0
885,12,27,200.0,0.0
886,12,27,200.0,0.0
887,12,46,200.0,0.0
888,12,31,200.0,0.0
889,12,27,200.0,0.0
890,12,13,200.0,0.0
891,12,20,200.0,0.0
892,24,31,1400.0,0.0
893,12,27,200.0,0.0
894,12,13,200.0,0.0
895,12,20,200.0,0.0
896,12,31,200.0,0.0
897,12,18,200.0,0.0
898,12,27,200.0,0.0
899,12,24,200.0,0.0
900,12,13,200.0,0.0
901,12,20,200.0,0.0
902,12,31,200.0,0.0
903,12,10,0.0,0.0
904,12,44,200.0,0.0
905,12,18,200.0,0.0
906,12,27,200.0,0.0
907,12,22,200.0,0.0
908,12,24,200.0,0.0
909,12,13,200.0,0.0
910,12,20,200.0,0.0
911,12,31,200.0,0.0
912,12,18,200.0,0.0
913,12,27,200.0,0.0
914,12,24,200.0,0.0
915,22,13,0.0,300.0
916,12,13,200.0,0.0
917,12,47,200.0,0.0
918,12,34,200.0,0.0
919,12,13,200.0,0.0
920,12,13,200.0,0.0
921,12,33,200.0,0.0
922,12,20,200.0,0.0
923,12,31,200.0,0.0
924,12,13,200.0,0.0
925,12,18,200.0,0.0
926,12,27,200.0,0.0
927,12,24,200.0,0.0
928,12,20,200.0,0.0
929,12,31,200.0,0.0
930,12,18,200.0,0.0
931,12,27,200.0,0.0
932,12,24,200.0,0.0
933,19,13,0.0,300.0
934,12,13,200.0,0.0
935,12,13,200.0,0.0
936,40,13,0.0,300.0
937,12,13,200.0,0.0
938,12,13,200.0,0.0
939,12,13,200.0,0.0
940,12,20,200.0,0.0
941,12,31,200.0,0.0
942,12,13,200.0,0.0
943,12,18,200.0,0.0
944,12,27,200.0,0.0
945,12,24,200.0,0.0
946,12,20,200.0,0.0
947,12,31,200.0,0.0
948,47,13,0.0,300.0
949,12,13,200.0,0.0
950,12,13,200.0,0.0
951,12,13,200.0,0.0
952,12,18,200.0,0.0
953,12,27,200.0,0.0
954,12,32,200.0,0.0
955,12,24,200.0,0.0
956,12,20,200.0,0.0
957,12,13,200.0,0.0
958,12,31,200.0,0.0
959,12,18,200.0,0.0
960,12,27,200.0,0.0
961,12,24,200.0,0.0
962,12,13,200.0,0.0
963,12,20,200.0,0.0
964,12,31,200.0,0.0
965,12,40,200.0,0.0
966,12,23,200.0,0.0
967,12,18,200.0,0.0
968,12,27,200.0,0.0
969,12,16,200.0,0.0
970,12,24,200.0,0.0
971,23,13,0.0,300.0
972,12,13,200.0,0.0
973,12,13,200.0,0.0
974,15,13,0.0,300.0
975,12,13,200.0,0.0
976,18,13,0.0,300.0
977,12,13,200.0,0.0
978,12,13,200.0,0.0
979,12,13,200.0,0.0
980,12,13,200.0,0.0
981,12,13,200.0,0.0
982,12,13,200.0,0.0
983,12,13,200.0,0.0
984,12,36,200.0,0.0
985,32,35,2200.0,0.0
986,32,26,0.0,1600.0
987,12,26,200.0,0.0
988,12,26,200.0,0.0
989,12,26,200.0,0.0
990,12,26,200.0,0.0
991,12,39,200.0,0.0
992,12,26,200.0,0.0
993,12,47,200.0,0.0
994,12,26,200.0,0.0
995,12,26,200.0,0.0
996,12,26,200.0,0.0
997,13,26,300.0,0.0
998,12,26,200.0,0.0
999,33,26,0.0,1600.0
1000,12,26,200.0,0.0
1001,12,26,200.0,0.0
1002,12,26,200.0,0.0
1003,12,26,200.0,0.0
1004,12,47,200.0,0.0
1005,12,26,200.0,0.0
1006,12,26,200.0,0.0
1007,12,42,200.0,0.0
1008,12,26,200.0,0.0
1009,12,26,200.0,0.0
1010,12,26,200.0,0.0
1011,12,26,200.0,0.0
1012,12,26,200.0,0.0
1013,12,26,200.0,0.0
1014,12,26,200.0,0.0
1015,12,26,200.0,0.0
1016,12,27,200.0,0.0
1017,12,20,200.0,0.0
1018,12,26,200.0,0.0
1019,12,31,200.0,0.0
1020,12,15,200.0,0.0
1021,12,23,200.0,0.0
1022,12,18,200.0,0.0
1023,12,24,200.0,0.0
1024,12,16,200.0,0.0
1025,12,13,200.0,0.0
1026,12,36,200.0,0.0
1027,12,17,200.0,0.0
1028,12,35,200.0,0.0
1029,12,20,200.0,0.0
1030,12,26,200.0,0.0
1031,12,31,200.0,0.0
1032,12,22,200.0,0.0
1033,12,15,200.0,0.0
1034,12,49,200.0,0.0
1035,45,23,0.0,1300.0
1036,12,23,200.0,0.0
1037,12,23,200.0,0.0
1038,12,23,200.0,0.0
1039,12,23,200.0,0.0
1040,12,23,200.0,0.0
1041,12,23,200.0,0.0
1042,12,23,200.0,0.0
1043,12,23,200.0,0.0
1044,12,37,200.0,0.0
1045,12,23,200.0,0.0
1046,12,23,200.0,0.0
1047,12,23,200.0,0.0
1048,12,23,200.0,0.0
1049,12,23,200.0,0.0
1050,12,18,200.0,0.0
1051,12,27,200.0,0.0
1052,12,24,200.0,0.0
1053,12,16,200.0,0.0
1054,13,13,150.0,150.0
1055,12,13,200.0,0.0
1056,12,13,200.0,0.0
1057,12,13,200.0,0.0
1058,12,48,200.0,0.0
1059,12,36,200.0,0.0
1060,12,23,200.0,0.0
1061,12,17,200.0,0.0
1062,12,35,200.0,0.0
1063,12,20,200.0,0.0
1064,12,26,200.0,0.0
1065,43,31,0.0,2100.0
1066,12,31,200.0,0.0
1067,12,31,200.0,0.0
1068,10,31,0.0,0.0
1069,12,31,200.0,0.0
1070,12,31,200.0,0.0
1071,12,31,200.0,0.0
1072,12,33,200.0,0.0
1073,12,31,200.0,0.0
1074,12,31,200.0,0.0
1075,41,31,0.0,2100.0
1076,12,31,200.0,0.0
1077,12,31,200.0,0.0
1078,12,31,200.0,0.0
1079,12,31,200.0,0.0
1080,12,31,200.0,0.0
1081,12,31,200.0,0.0
1082,12,31,200.0,0.0
1083,12,31,200.0,0.0
1084,12,31,200.0,0.0
1085,12,31,200.0,0.0
1086,12,31,200.0,0.0
1087,12,31,200.0,0.0
1088,12,31,200.0,0.0
1089,12,31,200.0,0.0
1090,12,31,200.0,0.0
1091,12,31,200.0,0.0
1092,12,22,200.0,0.0
1093,12,31,200.0,0.0
1094,12,31,200.0,0.0
1095,12,31,200.0,0.0
1096,12,31,200.0,0.0
1097,12,15,200.0,0.0
1098,12,18,200.0,0.0
1099,12,27,200.0,0.0
1100,12,24,200.0,0.0
1101,12,13,200.0,0.0
1102,12,44,200.0,0.0
1103,12,16,200.0,0.0
1104,12,36,200.0,0.0
1105,49,23,0.0,1300.0
1106,12,23,200.0,0.0
1107,49,23,0.0,1300.0
1108,12,23,200.0,0.0
1109,12,23,200.0,0.0
1110,12,23,200.0,0.0
1111,12,23,200.0,0.0
1112,12,23,200.0,0.0
1113,12,23,200.0,0.0
1114,12,23,200.0,0.0
1115,12,23,200.0,0.0
1116,12,23,200.0,0.0
1117,12,46,200.0,0.0
1118,12,23,200.0,0.0
1119,12,23,200.0,0.0
1120,12,23,200.0,0.0
1121,12,23,200.0,0.0
1122,12,23,200.0,0.0
1123,12,23,200.0,0.0
1124,12,23,200.0,0.0
1125,12,23,200.0,0.0
1126,12,36,200.0,0.0
1127,12,37,200.0,0.0
1128,12,23,200.0,0.0
1129,12,23,200.0,0.0
1130,12,17,200.0,0.0
1131,12,12,100.0,100.0
1132,32,12,0.0,200.0
1133,12,12,100.0,100.0
1134,12,12,100.0,100.0
1135,32,45,2200.0,0.0
1136,32,12,0.0,200.0
1137,32,12,0.0,200.0
1138,32,12,0.0,200.0
1139,32,12,0.0,200.0
1140,32,12,0.0,200.0
1141,32,12,0.0,200.0
1142,37,12,0.0,200.0
1143,32,12,0.0,200.0
1144,32,12,0.0,200.0
1145,12,12,100.0,100.0
1146,12,12,100.0,100.0
1147,32,47,2200.0,0.0
1148,32,12,0.0,200.0
1149,32,12,0.0,200.0
1150,32,12,0.0,200.0
1151,32,12,0.0,200.0
1152,32,12,0.0,200.0
1153,32,30,0.0,2000.0
1154,33,30,0.0,2000.0
1155,32,30,0.0,2000.0
1156,32,30,0.0,2000.0
1157,12,30,200.0,0.0
1158,12,30,200.0,0.0
1159,12,49,200.0,0.0
1160,12,30,200.0,0.0
1161,12,30,200.0,0.0
1162,12,30,200.0,0.0
1163,15,30,500.0,0.0
1164,12,30,200.0,0.0
1165,12,30,200.0,0.0
1166,12,11,0.0,100.0
1167,12,30,200.0,0.0
1168,14,30,400.0,0.0
1169,12,30,200.0,0.0
1170,12,30,200.0,0.0
1171,12,30,200.0,0.0
1172,12,30,200.0,0.0
1173,12,12,100.0,100.0
1174,12,12,100.0,100.0
1175,12,30,200.0,0.0
1176,12,12,100.0,100.0
1177,12,12,100.0,100.0
1178,32,44,2200.0,0.0
1179,12,12,100.0,100.0
1180,32,30,0.0,2000.0
1181,32,30,0.0,2000.0
1182,32,33,2200.0,0.0
1183,32,30,0.0,2000.0
1184,32,30,0.0,2000.0
1185,32,30,0.0,2000.0
1186,32,30,0.0,2000.0
1187,32,30,0.0,2000.0
1188,32,19,0.0,900.0
1189,32,30,0.0,2000.0
1190,32,30,0.0,2000.0
1191,32,30,0.0,2000.0
1192,32,30,0.0,2000.0
1193,32,30,0.0,2000.0
1194,32,30,0.0,2000.0
1195,12,30,200.0,0.0
1196,12,30,200.0,0.0
1197,12,30,200.0,0.0
1198,12,21,200.0,0.0
1199,36,30,0.0,2000.0
1200,12,30,200.0,0.0
1201,12,30,200.0,0.0
1202,12,30,200.0,0.0
1203,18,30,800.0,0.0
1204,12,30,200.0,0.0
1205,10,30,0.0,0.0
1206,12,30,200.0,0.0
1207,12,30,200.0,0.0
1208,12,30,200.0,0.0
1209,12,30,200.0,0.0
1210,12,30,200.0,0.0
1211,12,30,200.0,0.0
1212,12,30,200.0,0.0
1213,12,30,200.0,0.0
1214,12,30,200.0,0.0
1215,12,30,200.0,0.0
1216,12,30,200.0,0.0
1217,12,30,200.0,0.0
1218,12,30,200.0,0.0
1219,12,30,200.0,0.0
1220,12,30,200.0,0.0
1221,28,12,0.0,200.0
1222,12,12,100.0,100.0
1223,12,12,100.0,100.0
1224,12,12,100.0,100.0
1225,12,12,100.0,100.0
1226,12,30,200.0,0.0
1227,12,12,100.0,100.0
1228,39,41,2900.0,0.0
1229,39,12,0.0,200.0
1230,39,12,0.0,200.0
1231,39,12,0.0,200.0
1232,39,12,0.0,200.0
1233,15,16,500.0,0.0
1234,39,12,0.0,200.0
1235,39,12,0.0,200.0
1236,12,12,100.0,100.0
1237,39,12,0.0,200.0
1238,12,12,100.0,100.0
1239,26,12,0.0,200.0
1240,12,12,100.0,100.0
1241,12,12,100.0,100.0
1242,24,12,0.0,200.0
1243,12,12,100.0,100.0
1244,39,12,0.0,200.0
1245,48,12,0.0,200.0
1246,32,12,0.0,200.0
1247,12,12,100.0,100.0
1248,12,12,100.0,100.0
1249,12,12,100.0,100.0
1250,24,12,0.0,200.0
1251,12,12,100.0,100.0
1252,39,11,0.0,100.0
1253,12,12,100.0,100.0
1254,32,29,0.0,1900.0
1255,12,29,200.0,0.0
1256,17,29,700.0,0.0
1257,12,29,200.0,0.0
1258,12,12,100.0,100.0
1259,12,49,200.0,0.0
1260,12,29,200.0,0.0
1261,12,12,100.0,100.0
1262,12,12,100.0,100.0
1263,12,12,100.0,100.0
1264,12,12,100.0,100.0
1265,12,33,200.0,0.0
1266,12,35,200.0,0.0
1267,12,29,200.0,0.0
1268,12,25,200.0,0.0
1269,12,12,100.0,100.0
1270,12,12,100.0,100.0
1271,12,12,100.0,100.0
1272,12,30,200.0,0.0
1273,12,12,100.0,100.0
1274,12,12,100.0,100.0
1275,12,12,100.0,100.0
1276,12,12,100.0,100.0
1277,12,29,200.0,0.0
1278,12,12,100.0,100.0
1279,12,12,100.0,100.0
1280,12,12,100.0,100.0
1281,12,12,100.0,100.0
1282,19,12,0.0,200.0
1283,12,12,100.0,100.0
1284,12,12,100.0,100.0
1285,15,49,500.0,0.0
1286,15,12,0.0,200.0
1287,15,12,0.0,200.0
1288,15,12,0.0,200.0
1289,12,12,100.0,100.0
1290,12,12,100.0,100.0
1291,12,12,100.0,100.0
1292,15,12,0.0,200.0
1293,12,12,100.0,100.0
1294,24,12,0.0,200.0
1295,12,12,100.0,100.0
1296,10,12,0.0,0.0
1297,39,12,0.0,200.0
1298,12,12,100.0,100.0
1299,32,11,0.0,100.0
1300,12,12,100.0,100.0
1301,12,12,100.0,100.0
1302,12,12,100.0,100.0
1303,44,12,0.0,200.0
1304,12,13,200.0,0.0
1305,12,12,100.0,100.0
1306,12,39,200.0,0.0
1307,12,12,100.0,100.0
1308,12,48,200.0,0.0
1309,12,12,100.0,100.0
1310,12,12,100.0,100.0
1311,12,12,100.0,100.0
1312,12,12,100.0,100.0
1313,12,12,100.0,100.0
1314,12,12,100.0,100.0
1315,12,12,100.0,100.0
1316,29,12,0.0,200.0
1317,12,12,100.0,100.0
1318,12,12,100.0,100.0
1319,33,12,0.0,200.0
1320,12,19,200.0,0.0
1321,12,12,100.0,100.0
1322,12,12,100.0,100.0
1323,12,12,100.0,100.0
1324,12,12,100.0,100.0
1325,12,12,100.0,100.0
1326,12,12,100.0,100.0
1327,12,12,100.0,100.0
1328,12,12,100.0,100.0
1329,12,12,100.0,100.0
1330,12,48,200.0,0.0
1331,12,12,100.0,100.0
1332,12,45,200.0,0.0
1333,12,12,100.0,100.0
1334,12,12,100.0,100.0
1335,12,12,100.0,100.0
1336,12,30,200.0,0.0
1337,12,12,100.0,100.0
1338,12,44,200.0,0.0
1339,12,12,100.0,100.0
1340,47,12,0.0,200.0
1341,12,12,100.0,100.0
1342,12,12,100.0,100.0
1343,12,12,100.0,100.0
1344,12,12,100.0,100.0
1345,12,12,100.0,100.0
1346,12,12,100.0,100.0
1347,12,12,100.0,100.0
1348,12,12,100.0,100.0
1349,12,12,100.0,100.0
1350,12,12,100.0,100.0
1351,12,12,100.0,100.0
1352,12,12,100.0,100.0
1353,12,12,100.0,100.0
1354,12,12,100.0,100.0
1355,12,12,100.0,100.0
1356,12,12,100.0,100.0
1357,12,12,100.0,100.0
1358,12,12,100.0,100.0
1359,12,12,100.0,100.0
1360,15,12,0.0,200.0
1361,12,12,100.0,100.0
1362,12,12,100.0,100.0
1363,12,12,100.0,100.0
1364,12,12,100.0,100.0
1365,12,12,100.0,100.0
1366,12,10,0.0,0.0
1367,24,12,0.0,200.0
1368,39,12,0.0,200.0
1369,32,12,0.0,200.0
1370,15,12,0.0,200.0
1371,12,12,100.0,100.0
1372,12,12,100.0,100.0
1373,12,12,100.0,100.0
1374,12,29,200.0,0.0
1375,12,12,100.0,100.0
1376,12,12,100.0,100.0
1377,12,12,100.0,100.0
1378,12,12,100.0,100.0
1379,12,12,100.0,100.0
1380,38,12,0.0,200.0
1381,12,12,100.0,100.0
1382,12,35,200.0,0.0
1383,12,12,100.0,100.0
1384,12,12,100.0,100.0
1385,12,12,100.0,100.0
1386,12,12,100.0,100.0
1387,12,12,100.0,100.0
1388,12,12,100.0,100.0
1389,12,12,100.0,100.0
1390,12,12,100.0,100.0
1391,42,12,0.0,200.0
1392,12,12,100.0,100.0
1393,12,12,100.0,100.0
1394,12,12,100.0,100.0
1395,12,12,100.0,100.0
1396,35,12,0.0,200.0
1397,12,12,100.0,100.0
1398,12,12,100.0,100.0
1399,12,12,100.0,100.0
1400,14,12,0.0,200.0
1401,12,12,100.0,100.0
1402,12,12,100.0,100.0
1403,12,12,100.0,100.0
1404,12,12,100.0,100.0
1405,12,12,100.0,100.0
1406,12,12,100.0,100.0
1407,12,12,100.0,100.0
1408,12,12,100.0,100.0
1409,12,12,100.0,100.0
1410,12,12,100.0,100.0
1411,39,12,0.0,200.0
1412,12,12,100.0,100.0
1413,12,12,100.0,100.0
1414,12,12,100.0,100.0
1415,12,12,100.0,100.0
1416,12,12,100.0,100.0
1417,12,12,100.0,100.0
1418,12,12,100.0,100.0
1419,12,12,100.0,100.0
1420,12,12,100.0,100.0
1421,12,12,100.0,100.0
1422,12,12,100.0,100.0
1423,20,12,0.0,200.0
1424,12,12,100.0,100.0
1425,19,21,900.0,0.0
1426,19,45,900.0,0.0
1427,19,12,0.0,200.0
1428,19,12,0.0,200.0
1429,19,12,0.0,200.0
1430,19,12,0.0,200.0
1431,21,12,0.0,200.0
1432,19,12,0.0,200.0
1433,19,12,0.0,200.0
1434,12,12,100.0,100.0
1435,19,12,0.0,200.0
1436,12,12,100.0,100.0
1437,12,12,100.0,100.0
1438,12,12,100.0,100.0
1439,12,12,100.0,100.0
1440,12,12,100.0,100.0
1441,12,12,100.0,100.0
1442,47,12,0.0,200.0
1443,27,12,0.0,200.0
1444,12,48,200.0,0.0
1445,12,12,100.0,100.0
1446,12,12,100.0,100.0
1447,12,12,100.0,100.0
1448,12,12,100.0,100.0
1449,12,12,100.0,100.0
1450,12,12,100.0,100.0
1451,12,12,100.0,100.0
1452,12,15,200.0,0.0
1453,12,35,200.0,0.0
1454,36,12,0.0,200.0
1455,12,12,100.0,100.0
1456,12,27,200.0,0.0
1457,12,12,100.0,100.0
1458,12,12,100.0,100.0
1459,12,12,100.0,100.0
1460,12,12,100.0,100.0
1461,12,12,100.0,100.0
1462,43,12,0.0,200.0
1463,12,24,200.0,0.0
1464,12,12,100.0,100.0
1465,12,12,100.0,100.0
1466,12,12,100.0,100.0
1467,12,12,100.0,100.0
1468,12,12,100.0,100.0
1469,12,12,100.0,100.0
1470,12,12,100.0,100.0
1471,12,12,100.0,100.0
1472,12,12,100.0,100.0
1473,12,12,100.0,100.0
1474,12,12,100.0,100.0
1475,12,12,100.0,100.0
1476,12,12,100.0,100.0
1477,12,12,100.0,100.0
1478,12,39,200.0,0.0
1479,12,12,100.0,100.0
1480,12,12,100.0,100.0
1481,12,12,100.0,100.0
1482,12,12,100.0,100.0
1483,12,12,100.0,100.0
1484,12,12,100.0,100.0
1485,12,12,100.0,100.0
1486,32,12,0.0,200.0
1487,12,12,100.0,100.0
1488,12,12,100.0,100.0
1489,12,12,100.0,100.0
1490,12,21,200.0,0.0
1491,12,45,200.0,0.0
1492,12,12,100.0,100.0
1493,12,12,100.0,100.0
1494,12,12,100.0,100.0
1495,12,12,100.0,100.0
1496,12,12,100.0,100.0
1497,12,12,100.0,100.0
1498,29,15,0.0,500.0
1499,12,12,100.0,100.0
1500,12,12,100.0,100.0
1501,31,12,0.0,200.0
1502,12,12,100.0,100.0
1503,12,12,100.0,100.0
1504,12,12,100.0,100.0
1505,38,12,0.0,200.0
1506,12,12,100.0,100.0
1507,12,12,100.0,100.0
1508,12,12,100.0,100.0
1509,12,12,100.0,100.0
1510,15,12,0.0,200.0
1511,12,12,100.0,100.0
1512,12,12,100.0,100.0
1513,12,19,200.0,0.0
1514,12,12,100.0,100.0
1515,12,12,100.0,100.0
1516,12,12,100.0,100.0
1517,12,29,200.0,0.0
1518,12,12,100.0,100.0
1519,12,12,100.0,100.0
1520,12,12,100.0,100.0
1521,12,12,100.0,100.0
1522,12,12,100.0,100.0
1523,12,12,100.0,100.0
1524,12,12,100.0,100.0
1525,12,48,200.0,0.0
1526,12,12,100.0,100.0
1527,12,12,100.0,100.0
1528,12,12,100.0,100.0
1529,12,12,100.0,100.0
1530,12,12,100.0,100.0
1531,12,12,100.0,100.0
1532,12,12,100.0,100.0
1533,12,12,100.0,100.0
1534,12,12,100.0,100.0
1535,12,12,100.0,100.0
1536,12,12,100.0,100.0
1537,12,12,100.0,100.0
1538,12,12,100.0,100.0
1539,12,12,100.0,100.0
1540,12,12,100.0,100.0
1541,30,12,0.0,200.0
1542,12,12,100.0,100.0
1543,12,12,100.0,100.0
1544,12,12,100.0,100.0
1545,12,12,100.0,100.0
1546,10,12,0.0,0.0
1547,12,12,100.0,100.0
1548,12,12,100.0,100.0
1549,12,12,100.0,100.0
1550,12,12,100.0,100.0
1551,12,12,100.0,100.0
1552,12,12,100.0,100.0
1553,12,12,100.0,100.0
1554,12,12,100.0,100.0
1555,12,12,100.0,100.0
1556,12,12,100.0,100.0
1557,12,12,100.0,100.0
1558,12,17,200.0,0.0
1559,12,12,100.0,100.0
1560,12,12,100.0,100.0
1561,12,12,100.0,100.0
1562,12,12,100.0,100.0
1563,12,12,100.0,100.0
1564,12,12,100.0,100.0
1565,12,12,100.0,100.0
1566,12,38,200.0,0.0
1567,12,12,100.0,100.0
1568,12,12,100.0,100.0
1569,12,10,0.0,0.0
1570,12,12,100.0,100.0
1571,12,12,100.0,100.0
1572,12,12,100.0,100.0
1573,12,12,100.0,100.0
1574,12,12,100.0,100.0
1575,12,12,100.0,100.0
1576,12,12,100.0,100.0
1577,13,12,0.0,200.0
1578,12,12,100.0,100.0
1579,12,12,100.0,100.0
1580,12,12,100.0,100.0
1581,12,12,100.0,100.0
1582,12,12,100.0,100.0
1583,12,12,100.0,100.0
1584,12,12,100.0,100.0
1585,12,12,100.0,100.0
1586,12,12,100.0,100.0
1587,12,12,100.0,100.0
1588,12,12,100.0,100.0
1589,12,12,100.0,100.0
1590,12,12,100.0,100.0
1591,12,12,100.0,100.0
1592,12,12,100.0,100.0
1593,12,12,100.0,100.0
1594,12,12,100.0,100.0
1595,12,12,100.0,100.0
1596,12,12,100.0,100.0
1597,12,12,100.0,100.0
1598,12,12,100.0,100.0
1599,12,12,100.0,100.0
1600,43,12,0.0,200.0
1601,12,12,100.0,100.0
1602,12,12,100.0,100.0
1603,12,40,200.0,0.0
1604,12,12,100.0,100.0
1605,27,12,0.0,200.0
1606,12,12,100.0,100.0
1607,25,12,0.0,200.0
1608,12,12,100.0,100.0
1609,12,12,100.0,100.0
1610,12,12,100.0,100.0
1611,12,12,100.0,100.0
1612,23,31,1300.0,0.0
1613,23,12,0.0,200.0
1614,23,12,0.0,200.0
1615,12,12,100.0,100.0
1616,23,12,0.0,200.0
1617,12,12,100.0,100.0
1618,12,12,100.0,100.0
1619,39,12,0.0,200.0
1620,12,12,100.0,100.0
1621,12,12,100.0,100.0
1622,12,35,200.0,0.0
1623,12,12,100.0,100.0
1624,12,46,200.0,0.0
1625,12,12,100.0,100.0
1626,12,12,100.0,100.0
1627,29,48,1900.0,0.0
1628,29,42,1900.0,0.0
1629,29,12,0.0,200.0
1630,29,12,0.0,200.0
1631,29,12,0.0,200.0
1632,29,12,0.0,200.0
1633,29,12,0.0,200.0
1634,29,39,1900.0,0.0
1635,29,12,0.0,200.0
1636,29,12,0.0,200.0
1637,29,12,0.0,200.0
1638,29,29,950.0,950.0
1639,29,29,950.0,950.0
1640,29,29,950.0,950.0
1641,29,29,950.0,950.0
1642,31,29,0.0,1900.0
1643,29,29,950.0,950.0
1644,29,29,950.0,950.0
1645,29,18,0.0,800.0
1646,29,29,950.0,950.0
1647,29,29,950.0,950.0
1648,29,29,950.0,950.0
1649,29,29,950.0,950.0
1650,29,29,950.0,950.0
1651,29,29,950.0,950.0
1652,29,19,0.0,900.0
1653,29,29,950.0,950.0
1654,29,29,950.0,950.0
1655,29,29,950.0,950.0
1656,29,29,950.0,950.0
1657,29,29,950.0,950.0
1658,29,29,950.0,950.0
1659,29,29,950.0,950.0
1660,29,29,950.0,950.0
1661,29,29,950.0,950.0
1662,29,12,0.0,200.0
1663,29,29,950.0,950.0
1664,29,29,950.0,950.0
1665,29,29,950.0,950.0
1666,29,29,950.0,950.0
1667,48,29,0.0,1900.0
1668,29,29,950.0,950.0
1669,29,29,950.0,950.0
1670,29,29,950.0,950.0
1671,29,29,950.0,950.0
1672,29,29,950.0,950.0
1673,29,29,950.0,950.0
1674,29,47,1900.0,0.0
1675,29,29,950.0,950.0
1676,48,29,0.0,1900.0
1677,29,29,950.0,950.0
1678,29,29,950.0,950.0
1679,29,29,950.0,950.0
1680,29,29,950.0,950.0
1681,29,29,950.0,950.0
1682,29,29,950.0,950.0
1683,29,35,1900.0,0.0
1684,29,29,950.0,950.0
1685,29,13,0.0,300.0
1686,29,29,950.0,950.0
1687,29,29,950.0,950.0
1688,29,29,950.0,950.0
1689,29,29,950.0,950.0
1690,11,29,100.0,0.0
1691,29,29,950.0,950.0
1692,29,29,950.0,950.0
1693,29,29,950.0,950.0
1694,29,29,950.0,950.0
1695,29,29,950.0,950.0
1696,29,29,950.0,950.0
1697,29,29,950.0,950.0
1698,29,29,950.0,950.0
1699,29,29,950.0,950.0
1700,29,29,950.0,950.0
1701,29,29,950.0,950.0
1702,29,29,950.0,950.0
1703,29,29,950.0,950.0
1704,29,29,950.0,950.0
1705,29,29,950.0,950.0
1706,29,29,950.0,950.0
1707,29,29,950.0,950.0
1708,29,42,1900.0,0.0
1709,29,29,950.0,950.0
1710,29,29,950.0,950.0
1711,29,29,950.0,950.0
1712,29,29,950.0,950.0
1713,29,29,950.0,950.0
1714,44,10,0.0,0.0
1715,29,32,1900.0,0.0
1716,29,33,1900.0,0.0
1717,29,29,950.0,950.0
1718,29,29,950.0,950.0
1719,29,29,950.0,950.0
1720,29,29,950.0,950.0
1721,29,29,950.0,950.0
1722,29,29,950.0,950.0
1723,29,29,950.0,950.0
1724,11,29,100.0,0.0
1725,29,29,950.0,950.0
1726,29,29,950.0,950.0
1727,29,29,950.0,950.0
1728,29,29,950.0,950.0
1729,29,29,950.0,950.0
1730,29,29,950.0,950.0
1731,29,29,950.0,950.0
1732,29,29,950.0,950.0
1733,29,29,950.0,950.0
1734,29,29,950.0,950.0
1735,29,29,950.0,950.0
1736,29,29,950.0,950.0
1737,24,29,1400.0,0.0
1738,29,29,950.0,950.0
1739,29,45,1900.0,0.0
1740,43,29,0.0,1900.0
1741,29,29,950.0,950.0
1742,29,42,1900.0,0.0
1743,29,29,950.0,950.0
1744,29,35,1900.0,0.0
1745,29,29,950.0,950.0
1746,29,29,950.0,950.0
1747,29,29,950.0,950.0
1748,41,42,3100.0,0.0
1749,29,29,950.0,950.0
1750,29,29,950.0,950.0
1751,29,29,950.0,950.0
1752,29,23,0.0,1300.0
1753,29,29,950.0,950.0
1754,30,29,0.0,1900.0
1755,29,29,950.0,950.0
1756,29,29,950.0,950.0
1757,29,29,950.0,950.0
1758,29,29,950.0,950.0
1759,29,29,950.0,950.0
1760,29,29,950.0,950.0
1761,29,29,950.0,950.0
1762,29,29,950.0,950.0
1763,44,29,0.0,1900.0
1764,29,29,950.0,950.0
1765,29,29,950.0,950.0
1766,29,21,0.0,1100.0
1767,29,29,950.0,950.0
1768,14,29,400.0,0.0
1769,29,29,950.0,950.0
1770,29,29,950.0,950.0
1771,40,29,0.0,1900.0
1772,29,29,950.0,950.0
1773,29,29,950.0,950.0
1774,29,29,950.0,950.0
1775,29,29,950.0,950.0
1776,29,29,950.0,950.0
1777,29,29,950.0,950.0
1778,29,29,950.0,950.0
1779,19,23,900.0,0.0
1780,29,29,950.0,950.0
1781,29,29,950.0,950.0
1782,46,29,0.0,1900.0
1783,29,29,950.0,950.0
1784,29,29,950.0,950.0
1785,29,29,950.0,950.0
1786,10,29,0.0,0.0
1787,29,29,950.0,950.0
1788,29,29,950.0,950.0
1789,29,29,950.0,950.0
1790,29,29,950.0,950.0
1791,29,29,950.0,950.0
1792,29,29,950.0,950.0
1793,29,29,950.0,950.0
1794,29,29,950.0,950.0
1795,29,29,950.0,950.0
1796,29,29,950.0,950.0
1797,23,29,1300.0,0.0
1798,29,29,950.0,950.0
1799,29,29,950.0,950.0
1800,29,29,950.0,950.0
1801,29,29,950.0,950.0
1802,29,31,1900.0,0.0
1803,29,29,950.0,950.0
1804,29,29,950.0,950.0
1805,29,29,950.0,950.0
1806,29,29,950.0,950.0
1807,29,29,950.0,950.0
1808,29,29,950.0,950.0
1809,29,29,950.0,950.0
1810,29,29,950.0,950.0
1811,29,29,950.0,950.0
1812,29,29,950.0,950.0
1813,29,29,950.0,950.0
1814,29,29,950.0,950.0
1815,29,29,950.0,950.0
1816,29,29,950.0,950.0
1817,29,29,950.0,950.0
1818,13,29,300.0,0.0
1819,25,29,1500.0,0.0
1820,29,29,950.0,950.0
1821,29,29,950.0,950.0
1822,29,29,950.0,950.0
1823,29,29,950.0,950.0
1824,29,29,950.0,950.0
1825,29,29,950.0,950.0
1826,29,49,1900.0,0.0
1827,29,39,1900.0,0.0
1828,29,29,950.0,950.0
1829,29,29,950.0,950.0
1830,29,29,950.0,950.0
1831,29,29,950.0,950.0
1832,29,49,1900.0,0.0
1833,29,29,950.0,950.0
1834,29,46,1900.0,0.0
1835,29,29,950.0,950.0
1836,29,45,1900.0,0.0
1837,29,29,950.0,950.0
1838,29,29,950.0,950.0
1839,29,29,950.0,950.0
1840,29,29,950.0,950.0
1841,29,29,950.0,950.0
1842,29,29,950.0,950.0
1843,29,29,950.0,950.0
1844,29,29,950.0,950.0
1845,29,29,950.0,950.0
1846,29,29,950.0,950.0
1847,29,29,950.0,950.0
1848,29,29,950.0,950.0
1849,29,42,1900.0,0.0
1850,29,13,0.0,300.0
1851,29,29,950.0,950.0
1852,29,29,950.0,950.0
1853,26,29,1600.0,0.0
1854,36,29,0.0,1900.0
1855,29,29,950.0,950.0
1856,29,29,950.0,950.0
1857,29,29,950.0,950.0
1858,29,29,950.0,950.0
1859,29,29,950.0,950.0
1860,29,29,950.0,950.0
1861,29,29,950.0,950.0
1862,29,29,950.0,950.0
1863,29,29,950.0,950.0
1864,29,29,950.0,950.0
1865,24,29,1400.0,0.0
1866,29,29,950.0,950.0
1867,11,29,100.0,0.0
1868,29,29,950.0,950.0
1869,29,29,950.0,950.0
1870,29,29,950.0,950.0
1871,29,29,950.0,950.0
1872,29,29,950.0,950.0
1873,29,29,950.0,950.0
1874,28,18,0.0,800.0
1875,29,29,950.0,950.0
1876,29,29,950.0,950.0
1877,29,29,950.0,950.0
1878,29,29,950.0,950.0
1879,29,29,950.0,950.0
1880,29,29,950.0,950.0
1881,29,29,950.0,950.0
1882,29,29,950.0,950.0
1883,29,29,950.0,950.0
1884,29,29,950.0,950.0
1885,12,47,200.0,0.0
1886,29,29,950.0,950.0
1887,29,36,1900.0,0.0
1888,29,29,950.0,950.0
1889,29,29,950.0,950.0
1890,29,29,950.0,950.0
1891,29,29,950.0,950.0
1892,29,29,950.0,950.0
1893,29,29,950.0,950.0
1894,19,29,900.0,0.0
1895,29,45,1900.0,0.0
1896,29,29,950.0,950.0
1897,29,29,950.0,950.0
1898,29,29,950.0,950.0
1899,29,29,950.0,950.0
1900,29,29,950.0,950.0
1901,29,29,950.0,950.0
1902,29,29,950.0,950.0
1903,24,29,1400.0,0.0
1904,13,29,300.0,0.0
1905,29,29,950.0,950.0
1906,40,29,0.0,1900.0
1907,29,29,950.0,950.0
1908,29,29,950.0,950.0
1909,29,29,950.0,950.0
1910,29,45,1900.0,0.0
1911,29,29,950.0,950.0
1912,29,29,950.0,950.0
1913,29,26,0.0,1600.0
1914,29,29,950.0,950.0
1915,29,29,950.0,950.0
1916,26,29,1600.0,0.0
1917,29,29,950.0,950.0
1918,29,29,950.0,950.0
1919,29,45,1900.0,0.0
1920,24,29,1400.0,0.0
1921,29,29,950.0,950.0
1922,29,29,950.0,950.0
1923,29,29,950.0,950.0
1924,29,30,1900.0,0.0
1925,11,29,100.0,0.0
1926,29,29,950.0,950.0
1927,29,29,950.0,950.0
1928,29,29,950.0,950.0
1929,29,29,950.0,950.0
1930,29,29,950.0,950.0
1931,29,29,950.0,950.0
1932,29,29,950.0,950.0
1933,29,29,950.0,950.0
1934,29,29,950.0,950.0
1935,29,29,950.0,950.0
1936,29,29,950.0,950.0
1937,28,29,1800.0,0.0
1938,29,26,0.0,1600.0
1939,29,29,950.0,950.0
1940,11,29,100.0,0.0
1941,29,29,950.0,950.0
1942,29,29,950.0,950.0
1943,24,29,1400.0,0.0
1944,29,29,950.0,950.0
1945,29,29,950.0,950.0
1946,29,29,950.0,950.0
1947,29,29,950.0,950.0
1948,29,41,1900.0,0.0
1949,29,29,950.0,950.0
1950,29,29,950.0,950.0
1951,29,29,950.0,950.0
1952,29,29,950.0,950.0
1953,29,29,950.0,950.0
1954,29,29,950.0,950.0
1955,29,29,950.0,950.0
1956,17,29,700.0,0.0
1957,29,29,950.0,950.0
1958,29,29,950.0,950.0
1959,29,29,950.0,950.0
1960,29,29,950.0,950.0
1961,29,29,950.0,950.0
1962,29,29,950.0,950.0
1963,29,13,0.0,300.0
1964,29,29,950.0,950.0
1965,29,29,950.0,950.0
1966,29,29,950.0,950.0
1967,29,38,1900.0,0.0
1968,29,29,950.0,950.0
1969,29,29,950.0,950.0
1970,29,38,1900.0,0.0
1971,29,29,950.0,950.0
1972,29,29,950.0,950.0
1973,29,29,950.0,950.0
1974,29,29,950.0,950.0
1975,29,29,950.0,950.0
1976,29,29,950.0,950.0
1977,29,29,950.0,950.0
1978,29,43,1900.0,0.0
1979,29,29,950.0,950.0
1980,29,29,950.0,950.0
1981,29,29,950.0,950.0
1982,29,33,1900.0,0.0
1983,29,29,950.0,950.0
1984,29,29,950.0,950.0
1985,29,29,950.0,950.0
1986,29,29,950.0,950.0
1987,29,29,950.0,950.0
1988,29,29,950.0,950.0
1989,31,29,0.0,1900.0
1990,29,29,950.0,950.0
1991,29,29,950.0,950.0
1992,29,29,950.0,950.0
1993,29,29,950.0,950.0
1994,29,29,950.0,950.0
1995,43,32,0.0,2200.0
1996,15,29,500.0,0.0
1997,29,29,950.0,950.0
1998,29,14,0.0,400.0
1999,24,29,1400.0,0.0
2000,29,36,1900.0,0.0
2001,29,29,950.0,950.0
2002,29,29,950.0,950.0
2003,29,29,950.0,950.0
2004,29,29,950.0,950.0
2005,29,29,950.0,950.0
2006,29,29,950.0,950.0
2007,29,29,950.0,950.0
2008,29,32,1900.0,0.0
2009,29,29,950.0,950.0
2010,29,29,950.0,950.0
2011,40,35,0.0,2500.0
2012,29,29,950.0,950.0
2013,29,29,950.0,950.0
2014,29,29,950.0,950.0
2015,29,29,950.0,950.0
2016,29,29,950.0,950.0
2017,29,29,950.0,950.0
2018,29,29,950.0,950.0
2019,29,29,950.0,950.0
2020,29,29,950.0,950.0
2021,29,29,950.0,950.0
2022,29,29,950.0,950.0
2023,29,29,950.0,950.0
2024,29,29,950.0,950.0
2025,29,29,950.0,950.0
2026,29,29,950.0,950.0
2027,29,29,950.0,950.0
2028,29,29,950.0,950.0
2029,29,29,950.0,950.0
2030,29,29,950.0,950.0
2031,29,29,950.0,950.0
2032,29,29,950.0,950.0
2033,29,29,950.0,950.0
2034,29,29,950.0,950.0
2035,32,29,0.0,1900.0
2036,23,29,1300.0,0.0
2037,29,29,950.0,950.0
2038,29,29,950.0,950.0
2039,29,29,950.0,950.0
2040,29,29,950.0,950.0
2041,29,29,950.0,950.0
2042,29,29,950.0,950.0
2043,29,29,950.0,950.0
2044,30,29,0.0,1900.0
2045,29,29,950.0,950.0
2046,29,29,950.0,950.0
2047,29,29,950.0,950.0
2048,29,29,950.0,950.0
2049,29,29,950.0,950.0
2050,29,29,950.0,950.0
2051,29,29,950.0,950.0
2052,29,29,950.0,950.0
2053,29,29,950.0,950.0
2054,29,29,950.0,950.0
2055,29,29,950.0,950.0
2056,29,29,950.0,950.0
2057,29,11,0.0,100.0
2058,29,29,950.0,950.0
2059,26,29,1600.0,0.0
2060,29,29,950.0,950.0
2061,29,29,950.0,950.0
2062,46,29,0.0,1900.0
2063,29,29,950.0,950.0
2064,29,29,950.0,950.0
2065,29,29,950.0,950.0
2066,29,29,950.0,950.0
2067,29,29,950.0,950.0
2068,29,44,1900.0,0.0
2069,29,29,950.0,950.0
2070,29,29,950.0,950.0
2071,29,29,950.0,950.0
2072,29,29,950.0,950.0
2073,29,29,950.0,950.0
2074,29,29,950.0,950.0
2075,29,29,950.0,950.0
2076,29,29,950.0,950.0
2077,29,29,950.0,950.0
2078,29,29,950.0,950.0
2079,29,29,950.0,950.0
2080,29,29,950.0,950.0
2081,29,29,950.0,950.0
2082,29,29,950.0,950.0
2083,29,20,0.0,1000.0
2084,29,29,950.0,950.0
2085,29,29,950.0,950.0
2086,29,29,950.0,950.0
2087,29,29,950.0,950.0
2088,29,29,950.0,950.0
2089,29,13,0.0,300.0
2090,29,29,950.0,950.0
2091,29,29,950.0,950.0
2092,29,29,950.0,950.0
2093,29,29,950.0,950.0
2094,29,29,950.0,950.0
2095,29,29,950.0,950.0
2096,29,29,950.0,950.0
2097,29,29,950.0,950.0
2098,29,29,950.0,950.0
2099,29,29,950.0,950.0
2100,29,29,950.0,950.0
2101,29,29,950.0,950.0
2102,29,29,950.0,950.0
2103,29,29,950.0,950.0
2104,11,29,100.0,0.0
2105,29,29,950.0,950.0
2106,29,29,950.0,950.0
2107,29,29,950.0,950.0
2108,29,29,950.0,950.0
2109,29,29,950.0,950.0
2110,29,29,950.0,950.0
2111,15,29,500.0,0.0
2112,29,29,950.0,950.0
2113,29,29,950.0,950.0
2114,11,29,100.0,0.0
2115,29,29,950.0,950.0
2116,29,29,950.0,950.0
2117,29,29,950.0,950.0
2118,29,29,950.0,950.0
2119,29,29,950.0,950.0
2120,29,29,950.0,950.0
2121,29,29,950.0,950.0
2122,23,29,1300.0,0.0
2123,29,29,950.0,950.0
2124,27,29,1700.0,0.0
2125,29,29,950.0,950.0
2126,29,29,950.0,950.0
2127,29,29,950.0,950.0
2128,29,29,950.0,950.0
2129,29,29,950.0,950.0
2130,29,29,950.0,950.0
2131,29,29,950.0,950.0
2132,29,29,950.0,950.0
2133,29,29,950.0,950.0
2134,29,29,950.0,950.0
2135,29,29,950.0,950.0
2136,29,29,950.0,950.0
2137,29,29,950.0,950.0
2138,29,29,950.0,950.0
2139,29,29,950.0,950.0
2140,29,29,950.0,950.0
2141,29,29,950.0,950.0
2142,29,29,950.0,950.0
2143,29,29,950.0,950.0
2144,29,29,950.0,950.0
2145,29,29,950.0,950.0
2146,29,29,950.0,950.0
2147,29,29,950.0,950.0
2148,29,19,0.0,900.0
2149,29,29,950.0,950.0
2150,29,36,1900.0,0.0
2151,29,29,950.0,950.0
2152,29,29,950.0,950.0
2153,29,29,950.0,950.0
2154,29,29,950.0,950.0
2155,29,14,0.0,400.0
2156,29,29,950.0,950.0
2157,40,29,0.0,1900.0
2158,29,29,950.0,950.0
2159,29,29,950.0,950.0
2160,29,29,950.0,950.0
2161,29,29,950.0,950.0
2162,29,29,950.0,950.0
2163,29,29,950.0,950.0
2164,29,29,950.0,950.0
2165,29,29,950.0,950.0
2166,29,29,950.0,950.0
2167,29,29,950.0,950.0
2168,29,29,950.0,950.0
2169,29,29,950.0,950.0
2170,29,29,950.0,950.0
2171,29,29,950.0,950.0
2172,29,29,950.0,950.0
2173,29,15,0.0,500.0
2174,29,29,950.0,950.0
2175,29,21,0.0,1100.0
2176,29,29,950.0,950.0
2177,29,29,950.0,950.0
2178,29,29,950.0,950.0
2179,29,29,950.0,950.0
2180,29,29,950.0,950.0
2181,29,29,950.0,950.0
2182,29,29,950.0,950.0
2183,29,29,950.0,950.0
2184,29,29,950.0,950.0
2185,45,29,0.0,1900.0
2186,21,29,1100.0,0.0
2187,29,29,950.0,950.0
2188,29,29,950.0,950.0
2189,29,32,1900.0,0.0
2190,29,29,950.0,950.0
2191,29,29,950.0,950.0
2192,29,29,950.0,950.0
2193,29,29,950.0,950.0
2194,21,29,1100.0,0.0
2195,29,29,950.0,950.0
2196,29,29,950.0,950.0
2197,29,29,950.0,950.0
2198,38,29,0.0,1900.0
2199,29,29,950.0,950.0
2200,29,29,950.0,950.0
2201,29,16,0.0,600.0
2202,34,29,0.0,1900.0
2203,29,29,950.0,950.0
2204,29,29,950.0,950.0
2205,29,29,950.0,950.0
2206,29,29,950.0,950.0
2207,29,29,950.0,950.0
2208,29,29,950.0,950.0
2209,29,29,950.0,950.0
2210,29,29,950.0,950.0
2211,29,29,950.0,950.0
2212,29,29,950.0,950.0
2213,29,29,950.0,950.0
2214,29,29,950.0,950.0
2215,29,29,950.0,950.0
2216,29,29,950.0,950.0
2217,29,29,950.0,950.0
2218,29,29,950.0,950.0
2219,30,29,0.0,1900.0
2220,29,29,950.0,950.0
2221,29,29,950.0,950.0
2222,29,29,950.0,950.0
2223,29,29,950.0,950.0
2224,29,29,950.0,950.0
2225,29,29,950.0,950.0
2226,29,29,950.0,950.0
2227,29,29,950.0,950.0
2228,29,29,950.0,950.0
2229,29,29,950.0,950.0
2230,29,29,950.0,950.0
2231,29,29,950.0,950.0
2232,29,29,950.0,950.0
2233,29,29,950.0,950.0
2234,29,29,950.0,950.0
2235,28,29,1800.0,0.0
2236,29,29,950.0,950.0
2237,29,39,1900.0,0.0
2238,29,29,950.0,950.0
2239,29,29,950.0,950.0
2240,29,29,950.0,950.0
2241,29,45,1900.0,0.0
2242,29,29,950.0,950.0
2243,29,29,950.0,950.0
2244,29,29,950.0,950.0
2245,29,41,1900.0,0.0
2246,29,29,950.0,950.0
2247,29,29,950.0,950.0
2248,47,29,0.0,1900.0
2249,29,29,950.0,950.0
2250,29,29,950.0,950.0
2251,29,32,1900.0,0.0
2252,29,29,950.0,950.0
2253,29,29,950.0,950.0
2254,29,29,950.0,950.0
2255,29,29,950.0,950.0
2256,29,29,950.0,950.0
2257,29,29,950.0,950.0
2258,29,29,950.0,950.0
2259,29,29,950.0,950.0
2260,29,29,950.0,950.0
2261,29,29,950.0,950.0
2262,29,29,950.0,950.0
2263,29,29,950.0,950.0
2264,29,29,950.0,950.0
2265,29,29,950.0,950.0
2266,29,29,950.0,950.0
2267,16,29,600.0,0.0
2268,32,29,0.0,1900.0
2269,29,29,950.0,950.0
2270,11,29,100.0,0.0
2271,29,29,950.0,950.0
2272,29,29,950.0,950.0
2273,29,29,950.0,950.0
2274,29,29,950.0,950.0
2275,29,29,950.0,950.0
2276,29,29,950.0,950.0
2277,29,29,950.0,950.0
2278,42,29,0.0,1900.0
2279,29,29,950.0,950.0
2280,29,29,950.0,950.0
2281,29,29,950.0,950.0
2282,20,27,1000.0,0.0
2283,29,29,950.0,950.0
2284,29,29,950.0,950.0
2285,29,28,0.0,1800.0
2286,29,40,1900.0,0.0
2287,29,29,950.0,950.0
2288,29,29,950.0,950.0
2289,29,29,950.0,950.0
2290,29,29,950.0,950.0
2291,29,29,950.0,950.0
2292,29,29,950.0,950.0
2293,29,29,950.0,950.0
2294,29,29,950.0,950.0
2295,29,29,950.0,950.0
2296,29,29,950.0,950.0
2297,29,29,950.0,950.0
2298,19,29,900.0,0.0
2299,29,29,950.0,950.0
2300,29,37,1900.0,0.0
2301,29,29,950.0,950.0
2302,29,29,950.0,950.0
2303,29,29,950.0,950.0
2304,29,29,950.0,950.0
2305,29,29,950.0,950.0
2306,29,29,950.0,950.0
2307,12,29,200.0,0.0
2308,29,29,950.0,950.0
2309,29,29,950.0,950.0
2310,29,29,950.0,950.0
2311,29,48,1900.0,0.0
2312,29,29,950.0,950.0
2313,29,29,950.0,950.0
2314,44,29,0.0,1900.0
2315,29,29,950.0,950.0
2316,48,29,0.0,1900.0
2317,16,29,600.0,0.0
2318,29,29,950.0,950.0
2319,29,29,950.0,950.0
2320,29,29,950.0,950.0
2321,29,29,950.0,950.0
2322,29,29,950.0,950.0
2323,29,29,950.0,950.0
2324,29,29,950.0,950.0
2325,29,29,950.0,950.0
2326,29,29,950.0,950.0
2327,29,29,950.0,950.0
2328,29,29,950.0,950.0
2329,29,29,950.0,950.0
2330,29,29,950.0,950.0
2331,24,29,1400.0,0.0
2332,29,29,950.0,950.0
2333,29,29,950.0,950.0
2334,29,29,950.0,950.0
2335,29,29,950.0,950.0
2336,29,29,950.0,950.0
2337,29,29,950.0,950.0
2338,29,29,950.0,950.0
2339,29,29,950.0,950.0
2340,45,29,0.0,1900.0
2341,29,29,950.0,950.0
2342,29,29,950.0,950.0
2343,29,29,950.0,950.0
2344,29,29,950.0,950.0
2345,29,20,0.0,1000.0
2346,11,29,100.0,0.0
2347,29,29,950.0,950.0
2348,29,29,950.0,950.0
2349,29,28,0.0,1800.0
2350,29,29,950.0,950.0
2351,29,29,950.0,950.0
2352,41,29,0.0,1900.0
2353,29,29,950.0,950.0
2354,29,32,1900.0,0.0
2355,26,46,1600.0,0.0
2356,29,29,950.0,950.0
2357,29,29,950.0,950.0
2358,29,18,0.0,800.0
2359,29,29,950.0,950.0
2360,29,29,950.0,950.0
2361,29,29,950.0,950.0
2362,29,29,950.0,950.0
2363,29,29,950.0,950.0
2364,29,29,950.0,950.0
2365,29,29,950.0,950.0
2366,29,29,950.0,950.0
2367,29,20,0.0,1000.0
2368,29,29,950.0,950.0
2369,29,29,950.0,950.0
2370,30,29,0.0,1900.0
2371,29,29,950.0,950.0
2372,29,29,950.0,950.0
2373,29,29,950.0,950.0
2374,29,29,950.0,950.0
2375,29,29,950.0,950.0
2376,29,29,950.0,950.0
2377,29,29,950.0,950.0
2378,29,29,950.0,950.0
2379,29,29,950.0,950.0
2380,29,29,950.0,950.0
2381,29,29,950.0,950.0
2382,49,29,0.0,1900.0
2383,29,29,950.0,950.0
2384,16,22,600.0,0.0
2385,29,29,950.0,950.0
2386,29,29,950.0,950.0
2387,29,29,950.0,950.0
2388,29,29,950.0,950.0
2389,29,29,950.0,950.0
2390,29,29,950.0,950.0
2391,29,29,950.0,950.0
2392,29,29,950.0,950.0
2393,29,29,950.0,950.0
2394,29,29,950.0,950.0
2395,29,29,950.0,950.0
2396,29,29,950.0,950.0
2397,29,29,950.0,950.0
2398,29,29,950.0,950.0
2399,29,29,950.0,950.0
2400,29,29,950.0,950.0
2401,29,29,950.0,950.0
2402,29,29,950.0,950.0
2403,29,29,950.0,950.0
2404,29,29,950.0,950.0
2405,29,29,950.0,950.0
2406,29,25,0.0,1500.0
2407,29,29,950.0,950.0
2408,29,29,950.0,950.0
2409,29,29,950.0,950.0
2410,29,29,950.0,950.0
2411,29,29,950.0,950.0
2412,29,29,950.0,950.0
2413,29,29,950.0,950.0
2414,29,29,950.0,950.0
2415,29,29,950.0,950.0
2416,29,29,950.0,950.0
2417,14,29,400.0,0.0
2418,29,29,950.0,950.0
2419,29,29,950.0,950.0
2420,29,29,950.0,950.0
2421,29,29,950.0,950.0
2422,29,29,950.0,950.0
2423,18,29,800.0,0.0
2424,29,29,950.0,950.0
2425,29,29,950.0,950.0
2426,43,29,0.0,1900.0
2427,31,29,0.0,1900.0
2428,29,29,950.0,950.0
2429,29,29,950.0,950.0
2430,29,29,950.0,950.0
2431,29,29,950.0,950.0
2432,29,29,950.0,950.0
2433,29,29,950.0,950.0
2434,27,29,1700.0,0.0
2435,29,29,950.0,950.0
2436,29,29,950.0,950.0
2437,29,29,950.0,950.0
2438,29,29,950.0,950.0
2439,29,29,950.0,950.0
2440,29,29,950.0,950.0
2441,29,29,950.0,950.0
2442,29,29,950.0,950.0
2443,29,29,950.0,950.0
2444,29,29,950.0,950.0
2445,29,30,1900.0,0.0
2446,29,29,950.0,950.0
2447,29,29,950.0,950.0
2448,29,26,0.0,1600.0
2449,29,29,950.0,950.0
2450,43,29,0.0,1900.0
2451,29,29,950.0,950.0
2452,29,29,950.0,950.0
2453,29,29,950.0,950.0
2454,29,29,950.0,950.0
2455,29,16,0.0,600.0
2456,29,29,950.0,950.0
2457,29,29,950.0,950.0
2458,29,29,950.0,950.0
2459,29,29,950.0,950.0
2460,29,29,950.0,950.0
2461,32,29,0.0,1900.0
2462,29,29,950.0,950.0
2463,29,29,950.0,950.0
2464,29,29,950.0,950.0
2465,29,29,950.0,950.0
2466,29,29,950.0,950.0
2467,33,29,0.0,1900.0
2468,15,29,500.0,0.0
2469,29,29,950.0,950.0
2470,29,29,950.0,950.0
2471,29,29,950.0,950.0
2472,29,29,950.0,950.0
2473,29,29,950.0,950.0
2474,29,29,950.0,950.0
2475,29,29,950.0,950.0
2476,29,29,950.0,950.0
2477,29,29,950.0,950.0
2478,29,36,1900.0,0.0
2479,29,29,950.0,950.0
2480,29,29,950.0,950.0
2481,29,29,950.0,950.0
2482,29,29,950.0,950.0
2483,29,29,950.0,950.0
2484,29,29,950.0,950.0
2485,29,29,950.0,950.0
2486,29,29,950.0,950.0
2487,29,29,950.0,950.0
2488,29,29,950.0,950.0
2489,29,29,950.0,950.0
2490,29,29,950.0,950.0
2491,29,29,950.0,950.0
2492,29,29,950.0,950.0
2493,29,29,950.0,950.0
2494,29,29,950.0,950.0
2495,29,29,950.0,950.0
2496,29,29,950.0,950.0
2497,37,29,0.0,1900.0
2498,29,29,950.0,950.0
2499,29,29,950.0,950.0
2500,29,29,950.0,950.0
2501,29,29,950.0,950.0
2502,43,17,0.0,700.0
2503,29,29,950.0,950.0
2504,29,29,950.0,950.0
2505,29,29,950.0,950.0
2506,29,29,950.0,950.0
2507,29,29,950.0,950.0
2508,14,29,400.0,0.0
2509,29,29,950.0,950.0
2510,29,29,950.0,950.0
2511,29,29,950.0,950.0
2512,29,29,950.0,950.0
2513,29,29,950.0,950.0
2514,29,29,950.0,950.0
2515,29,29,950.0,950.0
2516,29,29,950.0,950.0
2517,29,29,950.0,950.0
2518,29,29,950.0,950.0
2519,29,29,950.0,950.0
2520,29,29,950.0,950.0
2521,29,29,950.0,950.0
2522,29,29,950.0,950.0
2523,29,29,950.0,950.0
2524,29,29,950.0,950.0
2525,29,29,950.0,950.0
2526,29,29,950.0,950.0
2527,29,10,0.0,0.0
2528,29,29,950.0,950.0
2529,29,29,950.0,950.0
2530,15,29,500.0,0.0
2531,24,29,1400.0,0.0
2532,29,29,950.0,950.0
2533,29,36,1900.0,0.0
2534,29,29,950.0,950.0
2535,29,29,950.0,950.0
2536,29,29,950.0,950.0
2537,29,29,950.0,950.0
2538,29,29,950.0,950.0
2539,29,29,950.0,950.0
2540,29,29,950.0,950.0
2541,29,29,950.0,950.0
2542,29,29,950.0,950.0
2543,29,29,950.0,950.0
2544,29,29,950.0,950.0
2545,29,29,950.0,950.0
2546,29,29,950.0,950.0
2547,29,29,950.0,950.0
2548,29,29,950.0,950.0
2549,29,29,950.0,950.0
2550,29,29,950.0,950.0
2551,29,29,950.0,950.0
2552,29,29,950.0,950.0
2553,29,29,950.0,950.0
2554,29,29,950.0,950.0
2555,29,29,950.0,950.0
2556,29,29,950.0,950.0
2557,29,29,950.0,950.0
2558,29,29,950.0,950.0
2559,29,10,0.0,0.0
2560,29,29,950.0,950.0
2561,29,29,950.0,950.0
2562,29,29,950.0,950.0
2563,29,29,950.0,950.0
2564,14,29,400.0,0.0
2565,29,29,950.0,950.0
2566,29,29,950.0,950.0
2567,29,29,950.0,950.0
2568,29,29,950.0,950.0
2569,29,29,950.0,950.0
2570,29,29,950.0,950.0
2571,29,29,950.0,950.0
2572,29,29,950.0,950.0
2573,29,22,0.0,1200.0
2574,24,29,1400.0,0.0
2575,28,29,1800.0,0.0
2576,24,39,1400.0,0.0
2577,24,29,1400.0,0.0
2578,24,29,1400.0,0.0
2579,24,29,1400.0,0.0
2580,24,29,1400.0,0.0
2581,24,29,1400.0,0.0
2582,24,16,0.0,600.0
2583,24,26,1400.0,0.0
2584,24,29,1400.0,0.0
2585,24,15,0.0,500.0
2586,24,26,1400.0,0.0
2587,24,29,1400.0,0.0
2588,24,26,1400.0,0.0
2589,24,29,1400.0,0.0
2590,24,28,1400.0,0.0
2591,24,26,1400.0,0.0
2592,24,29,1400.0,0.0
2593,24,28,1400.0,0.0
2594,24,26,1400.0,0.0
2595,24,20,0.0,1000.0
2596,47,20,0.0,1000.0
2597,24,20,0.0,1000.0
2598,31,20,0.0,1000.0
2599,19,20,900.0,0.0
2600,26,20,0.0,1000.0
2601,24,20,0.0,1000.0
2602,24,20,0.0,1000.0
2603,29,20,0.0,1000.0
2604,24,20,0.0,1000.0
2605,29,20,0.0,1000.0
2606,24,20,0.0,1000.0
2607,29,20,0.0,1000.0
2608,18,20,800.0,0.0
2609,24,20,0.0,1000.0
2610,29,20,0.0,1000.0
2611,24,20,0.0,1000.0
2612,29,20,0.0,1000.0
2613,38,20,0.0,1000.0
2614,24,20,0.0,1000.0
2615,26,20,0.0,1000.0
2616,29,20,0.0,1000.0
2617,28,20,0.0,1000.0
2618,24,20,0.0,1000.0
2619,26,46,1600.0,0.0
2620,26,20,0.0,1000.0
2621,26,20,0.0,1000.0
2622,26,20,0.0,1000.0
2623,29,20,0.0,1000.0
2624,28,20,0.0,1000.0
2625,24,20,0.0,1000.0
2626,23,20,0.0,1000.0
2627,26,20,0.0,1000.0
2628,29,20,0.0,1000.0
2629,28,20,0.0,1000.0
2630,24,20,0.0,1000.0
2631,23,12,0.0,200.0
2632,19,20,900.0,0.0
2633,19,20,900.0,0.0
2634,19,20,900.0,0.0
2635,19,14,0.0,400.0
2636,19,20,900.0,0.0
2637,19,20,900.0,0.0
2638,19,20,900.0,0.0
2639,19,20,900.0,0.0
2640,19,20,900.0,0.0
2641,19,20,900.0,0.0
2642,19,20,900.0,0.0
2643,19,20,900.0,0.0
2644,19,20,900.0,0.0
2645,19,29,900.0,0.0
2646,19,28,900.0,0.0
2647,19,20,900.0,0.0
2648,19,26,900.0,0.0
2649,19,35,900.0,0.0
2650,19,29,900.0,0.0
2651,19,28,900.0,0.0
2652,19,20,900.0,0.0
2653,19,26,900.0,0.0
2654,19,18,0.0,800.0
2655,19,25,900.0,0.0
2656,19,18,0.0,800.0
2657,19,18,0.0,800.0
2658,15,18,500.0,0.0
2659,19,32,900.0,0.0
2660,33,18,0.0,800.0
2661,19,16,0.0,600.0
2662,19,28,900.0,0.0
2663,19,18,0.0,800.0
2664,19,18,0.0,800.0
2665,19,18,0.0,800.0
2666,19,18,0.0,800.0
2667,19,18,0.0,800.0
2668,26,18,0.0,800.0
2669,47,18,0.0,800.0
2670,19,18,0.0,800.0
2671,29,18,0.0,800.0
2672,28,18,0.0,800.0
2673,24,18,0.0,800.0
2674,23,18,0.0,800.0
2675,26,18,0.0,800.0
2676,19,18,0.0,800.0
2677,27,18,0.0,800.0
2678,29,18,0.0,800.0
2679,41,18,0.0,800.0
2680,28,18,0.0,800.0
2681,33,18,0.0,800.0
2682,24,39,1400.0,0.0
2683,24,18,0.0,800.0
2684,24,18,0.0,800.0
2685,24,18,0.0,800.0
2686,24,18,0.0,800.0
2687,23,18,0.0,800.0
2688,26,18,0.0,800.0
2689,19,18,0.0,800.0
2690,27,18,0.0,800.0
2691,29,45,1900.0,0.0
2692,29,18,0.0,800.0
2693,29,18,0.0,800.0
2694,29,18,0.0,800.0
2695,29,18,0.0,800.0
2696,29,18,0.0,800.0
2697,28,18,0.0,800.0
2698,24,18,0.0,800.0
2699,23,18,0.0,800.0
2700,26,18,0.0,800.0
2701,29,26,0.0,1600.0
2702,19,30,900.0,0.0
2703,19,18,0.0,800.0
2704,19,18,0.0,800.0
2705,19,18,0.0,800.0
2706,27,18,0.0,800.0
2707,28,18,0.0,800.0
2708,41,18,0.0,800.0
2709,24,18,0.0,800.0
2710,15,18,500.0,0.0
2711,15,18,500.0,0.0
2712,15,18,500.0,0.0
2713,15,18,500.0,0.0
2714,15,18,500.0,0.0
2715,15,18,500.0,0.0
2716,15,18,500.0,0.0
2717,15,18,500.0,0.0
2718,32,26,0.0,1600.0
2719,15,26,500.0,0.0
2720,15,26,500.0,0.0
2721,15,26,500.0,0.0
2722,24,26,1400.0,0.0
2723,15,42,500.0,0.0
2724,15,18,500.0,0.0
2725,15,26,500.0,0.0
2726,15,18,500.0,0.0
2727,29,26,0.0,1600.0
2728,15,26,500.0,0.0
2729,15,26,500.0,0.0
2730,15,26,500.0,0.0
2731,15,26,500.0,0.0
2732,15,18,500.0,0.0
2733,15,26,500.0,0.0
2734,15,18,500.0,0.0
2735,15,26,500.0,0.0
2736,15,35,500.0,0.0
2737,15,29,500.0,0.0
2738,15,19,500.0,0.0
2739,15,16,500.0,0.0
2740,15,18,500.0,0.0
2741,15,25,500.0,0.0
2742,15,26,500.0,0.0
2743,15,20,500.0,0.0
2744,15,35,500.0,0.0
2745,15,21,500.0,0.0
2746,15,29,500.0,0.0
2747,15,19,500.0,0.0
2748,15,16,500.0,0.0
2749,36,18,0.0,800.0
2750,15,18,500.0,0.0
2751,15,18,500.0,0.0
2752,15,18,500.0,0.0
2753,20,28,1000.0,0.0
2754,15,26,500.0,0.0
2755,15,20,500.0,0.0
2756,15,35,500.0,0.0
2757,15,18,500.0,0.0
2758,15,21,500.0,0.0
2759,15,29,500.0,0.0
2760,15,19,500.0,0.0
2761,15,16,500.0,0.0
2762,15,28,500.0,0.0
2763,15,26,500.0,0.0
2764,19,20,900.0,0.0
2765,15,20,500.0,0.0
2766,15,35,500.0,0.0
2767,15,12,0.0,200.0
2768,15,12,0.0,200.0
2769,15,12,0.0,200.0
2770,15,12,0.0,200.0
2771,24,12,0.0,200.0
2772,15,12,0.0,200.0
2773,24,12,0.0,200.0
2774,31,12,0.0,200.0
2775,19,12,0.0,200.0
2776,15,12,0.0,200.0
2777,24,12,0.0,200.0
2778,19,12,0.0,200.0
2779,15,12,0.0,200.0
2780,24,12,0.0,200.0
2781,23,12,0.0,200.0
2782,19,12,0.0,200.0
2783,26,12,0.0,200.0
2784,15,12,0.0,200.0
2785,27,12,0.0,200.0
2786,28,43,1800.0,0.0
2787,30,12,0.0,200.0
2788,28,12,0.0,200.0
2789,28,12,0.0,200.0
2790,28,12,0.0,200.0
2791,28,12,0.0,200.0
2792,28,12,0.0,200.0
2793,21,12,0.0,200.0
2794,28,12,0.0,200.0
2795,41,12,0.0,200.0
2796,20,12,0.0,200.0
2797,24,12,0.0,200.0
2798,23,12,0.0,200.0
2799,19,12,0.0,200.0
2800,26,12,0.0,200.0
2801,18,12,0.0,200.0
2802,29,12,0.0,200.0
2803,15,12,0.0,200.0
2804,27,12,0.0,200.0
2805,21,12,0.0,200.0
2806,28,12,0.0,200.0
2807,41,12,0.0,200.0
2808,24,12,0.0,200.0
2809,23,12,0.0,200.0
2810,17,12,0.0,200.0
2811,19,12,0.0,200.0
2812,26,12,0.0,200.0
2813,18,12,0.0,200.0
2814,29,12,0.0,200.0
2815,15,12,0.0,200.0
2816,27,12,0.0,200.0
2817,21,12,0.0,200.0
2818,28,32,1800.0,0.0
2819,28,12,0.0,200.0
2820,28,12,0.0,200.0
2821,28,12,0.0,200.0
2822,28,12,0.0,200.0
2823,28,12,0.0,200.0
2824,28,26,0.0,1600.0
2825,28,26,0.0,1600.0
2826,41,26,0.0,1600.0
2827,24,26,1400.0,0.0
2828,24,26,1400.0,0.0
2829,24,26,1400.0,0.0
2830,24,26,1400.0,0.0
2831,24,26,1400.0,0.0
2832,24,26,1400.0,0.0
2833,24,26,1400.0,0.0
2834,24,26,1400.0,0.0
2835,24,35,1400.0,0.0
2836,24,26,1400.0,0.0
2837,24,26,1400.0,0.0
2838,24,30,1400.0,0.0
2839,24,12,0.0,200.0
2840,24,12,0.0,200.0
2841,24,12,0.0,200.0
2842,24,12,0.0,200.0
2843,24,20,0.0,1000.0
2844,24,20,0.0,1000.0
2845,24,20,0.0,1000.0
2846,24,20,0.0,1000.0
2847,24,20,0.0,1000.0
2848,24,20,0.0,1000.0
2849,24,20,0.0,1000.0
2850,24,20,0.0,1000.0
2851,24,20,0.0,1000.0
2852,37,20,0.0,1000.0
2853,24,20,0.0,1000.0
2854,24,20,0.0,1000.0
2855,24,20,0.0,1000.0
2856,24,20,0.0,1000.0
2857,34,20,0.0,1000.0
2858,23,20,0.0,1000.0
2859,19,20,900.0,0.0
2860,19,20,900.0,0.0
2861,13,14,300.0,0.0
2862,19,20,900.0,0.0
2863,19,20,900.0,0.0
2864,19,20,900.0,0.0
2865,24,20,0.0,1000.0
2866,19,20,900.0,0.0
2867,19,20,900.0,0.0
2868,24,20,0.0,1000.0
2869,31,20,0.0,1000.0
2870,19,20,900.0,0.0
2871,19,20,900.0,0.0
2872,19,20,900.0,0.0
2873,19,20,900.0,0.0
2874,19,20,900.0,0.0
2875,19,20,900.0,0.0
2876,19,20,900.0,0.0
2877,31,20,0.0,1000.0
2878,19,20,900.0,0.0
2879,19,20,900.0,0.0
2880,19,13,0.0,300.0
2881,19,20,900.0,0.0
2882,19,20,900.0,0.0
2883,19,20,900.0,0.0
2884,19,12,0.0,200.0
2885,19,12,0.0,200.0
2886,19,10,0.0,0.0
2887,26,12,0.0,200.0
2888,19,12,0.0,200.0
2889,19,12,0.0,200.0
2890,19,47,900.0,0.0
2891,19,12,0.0,200.0
2892,19,12,0.0,200.0
2893,19,12,0.0,200.0
2894,19,12,0.0,200.0
2895,19,12,0.0,200.0
2896,19,12,0.0,200.0
2897,19,12,0.0,200.0
2898,19,12,0.0,200.0
2899,19,12,0.0,200.0
2900,19,12,0.0,200.0
2901,14,12,0.0,200.0
2902,18,12,0.0,200.0
2903,29,12,0.0,200.0
2904,15,12,0.0,200.0
2905,27,12,0.0,200.0
2906,20,12,0.0,200.0
2907,19,12,0.0,200.0
2908,21,12,0.0,200.0
2909,28,12,0.0,200.0
2910,41,10,0.0,0.0
2911,23,12,0.0,200.0
2912,16,12,0.0,200.0
2913,14,12,0.0,200.0
2914,26,12,0.0,200.0
2915,18,12,0.0,200.0
2916,29,16,0.0,600.0
2917,15,16,500.0,0.0
2918,36,25,0.0,1500.0
2919,15,25,500.0,0.0
2920,15,25,500.0,0.0
2921,15,25,500.0,0.0
2922,15,12,0.0,200.0
2923,15,12,0.0,200.0
2924,23,22,0.0,1200.0
2925,15,22,500.0,0.0
2926,15,22,500.0,0.0
2927,15,22,500.0,0.0
2928,23,12,0.0,200.0
2929,42,18,0.0,800.0
2930,15,18,500.0,0.0
2931,15,18,500.0,0.0
2932,15,12,0.0,200.0
2933,15,49,500.0,0.0
2934,15,12,0.0,200.0
2935,40,12,0.0,200.0
2936,15,12,0.0,200.0
2937,15,12,0.0,200.0
2938,15,12,0.0,200.0
2939,15,12,0.0,200.0
2940,15,12,0.0,200.0
2941,15,12,0.0,200.0
2942,27,12,0.0,200.0
2943,15,12,0.0,200.0
2944,20,12,0.0,200.0
2945,19,12,0.0,200.0
2946,21,12,0.0,200.0
2947,25,12,0.0,200.0
2948,44,12,0.0,200.0
2949,28,36,1800.0,0.0
2950,28,12,0.0,200.0
2951,28,12,0.0,200.0
2952,28,12,0.0,200.0
2953,28,12,0.0,200.0
2954,28,12,0.0,200.0
2955,22,12,0.0,200.0
2956,28,12,0.0,200.0
2957,28,12,0.0,200.0
2958,28,12,0.0,200.0
2959,41,12,0.0,200.0
2960,16,12,0.0,200.0
2961,14,12,0.0,200.0
2962,24,12,0.0,200.0
2963,26,12,0.0,200.0
2964,18,12,0.0,200.0
2965,29,12,0.0,200.0
2966,27,30,1700.0,0.0
2967,18,12,0.0,200.0
2968,27,12,0.0,200.0
2969,27,49,1700.0,0.0
2970,27,12,0.0,200.0
2971,27,12,0.0,200.0
2972,27,12,0.0,200.0
2973,27,12,0.0,200.0
2974,27,12,0.0,200.0
2975,27,12,0.0,200.0
2976,27,12,0.0,200.0
2977,27,12,0.0,200.0
2978,27,12,0.0,200.0
2979,27,12,0.0,200.0
2980,27,12,0.0,200.0
2981,15,12,0.0,200.0
2982,20,47,1000.0,0.0
2983,20,12,0.0,200.0
2984,20,12,0.0,200.0
2985,20,12,0.0,200.0
2986,20,32,1000.0,0.0
2987,20,12,0.0,200.0
2988,20,12,0.0,200.0
2989,20,12,0.0,200.0
2990,20,12,0.0,200.0
2991,20,12,0.0,200.0
2992,20,12,0.0,200.0
2993,19,12,0.0,200.0
2994,21,12,0.0,200.0
2995,28,12,0.0,200.0
2996,25,12,0.0,200.0
2997,41,12,0.0,200.0
2998,12,12,100.0,100.0
2999,16,20,600.0,0.0
