date,entropy_std,country
1955-10-01,0.7420851357154784,CA
1956-01-01,1.2212052914245048,CA
1956-04-01,1.2199740772751366,CA
1956-07-01,1.2367880582000843,CA
1956-10-01,1.124861015328292,CA
1957-01-01,1.1806748380276983,CA
1957-04-01,0.9444733259690262,CA
1957-07-01,0.4114416140257325,CA
1957-10-01,-0.5953735475008299,CA
1958-01-01,-5.347223619118762,CA
1958-04-01,-8.74948833398768,CA
1958-07-01,-8.93636019425599,CA
1958-10-01,-1.5230286438987213,CA
1959-01-01,-0.5499082916510047,CA
1959-04-01,0.5640211389680084,CA
1959-07-01,1.2220440889012198,CA
1959-10-01,0.9547110117459737,CA
1960-01-01,1.322947288330919,CA
1960-04-01,1.2268820517478454,CA
1960-07-01,1.2188197473758504,CA
1960-10-01,1.3336506195483664,CA
1961-01-01,0.5530514084347599,CA
1961-04-01,-1.030049550715629,CA
1961-07-01,0.6708879825645797,CA
1961-10-01,1.6085709426315868,CA
1962-01-01,0.3315299766268107,CA
1962-04-01,1.345322594918012,CA
1962-07-01,1.0538699274657632,CA
1962-10-01,1.053869927465764,CA
1963-01-01,1.0544695594042772,CA
1963-04-01,0.6063554131538987,CA
1963-07-01,0.7499404422205634,CA
1963-10-01,1.3507224126540098,CA
1964-01-01,0.5048500184690176,CA
1964-04-01,0.9276703590589496,CA
1964-07-01,1.3192930858890581,CA
1964-10-01,1.445080385643304,CA
1965-01-01,1.0359871992398655,CA
1965-04-01,1.0713233133396316,CA
1965-07-01,1.1841186832067587,CA
1965-10-01,1.0259013288025385,CA
1966-01-01,0.8757433793251779,CA
1966-04-01,1.0114531843568488,CA
1966-07-01,1.0558190299585022,CA
1966-10-01,1.1618688677102145,CA
1967-01-01,1.5279280951521346,CA
1967-04-01,1.6268302482464025,CA
1967-07-01,1.1754409833354615,CA
1967-10-01,1.2548666556621138,CA
1968-01-01,1.1293511881920795,CA
1968-04-01,1.031453977536204,CA
1968-07-01,0.9898028105678226,CA
1968-10-01,0.8509907297834293,CA
1969-01-01,1.0202074756976804,CA
1969-04-01,1.038922895623844,CA
1969-07-01,1.2492585548616753,CA
1969-10-01,1.0690055326495365,CA
1970-01-01,1.0454035750643829,CA
1970-04-01,0.9194829424340398,CA
1970-07-01,1.0065541135067784,CA
1970-10-01,1.0238626669225834,CA
1971-01-01,1.125149384682135,CA
1971-04-01,1.0582716313744491,CA
1971-07-01,0.9754169360858758,CA
1971-10-01,0.8071508042604831,CA
1972-01-01,0.7377559273229936,CA
1972-04-01,0.6681475885947462,CA
1972-07-01,0.6059404632387095,CA
1972-10-01,0.5873342993765484,CA
1973-01-01,0.5501489767728828,CA
1973-04-01,0.4872139184773311,CA
1973-07-01,0.403233348145632,CA
1973-10-01,0.38438941741176136,CA
1974-01-01,0.3514295413740562,CA
1974-04-01,0.28439506690733535,CA
1974-07-01,0.24947459660588867,CA
1974-10-01,0.2260074781409458,CA
1975-01-01,0.22997484720866518,CA
1975-04-01,0.21005844729430598,CA
1975-07-01,0.21535246101010685,CA
1975-10-01,0.20328962674157589,CA
1976-01-01,0.21399104515857706,CA
1976-04-01,0.2006147254147449,CA
1976-07-01,0.187063899138255,CA
1976-10-01,0.1601845658375533,CA
1977-01-01,0.135441777500721,CA
1977-04-01,0.10751548046900526,CA
1977-07-01,0.09277237612545099,CA
1977-10-01,0.08504870706940185,CA
1978-01-01,0.08117730547014654,CA
1978-04-01,0.07068506960631629,CA
1978-07-01,0.0592448590955061,CA
1978-10-01,0.04906270941281254,CA
1979-01-01,0.02753362590647016,CA
1979-04-01,-0.0026684160461163953,CA
1979-07-01,-0.0312728486669698,CA
1979-10-01,-0.04735811659305991,CA
1980-01-01,-0.06202833504234197,CA
1980-04-01,-0.07634660494430258,CA
1980-07-01,-0.07438558406032818,CA
1980-10-01,-0.08043272330660203,CA
1981-01-01,-0.08880674491476849,CA
1981-04-01,-0.11480223563864465,CA
1981-07-01,-0.13490424034013757,CA
1981-10-01,-0.1360551892530658,CA
1982-01-01,-0.1212732573134627,CA
1982-04-01,-0.10280141987635771,CA
1982-07-01,-0.07961513264736524,CA
1982-10-01,-0.04176858781080302,CA
1983-01-01,0.11434108934267574,CA
1983-04-01,0.44865312255971285,CA
1983-07-01,0.6677029606675497,CA
1983-10-01,1.195334982945563,CA
1984-01-01,0.5032339347569954,CA
1984-04-01,0.34656081140222156,CA
1984-07-01,0.2974796451289098,CA
1984-10-01,0.22430575379388504,CA
1985-01-01,0.1332802734600098,CA
1985-04-01,0.08680453521709416,CA
1985-07-01,0.019294155148014133,CA
1985-10-01,-0.01677317258603943,CA
1986-01-01,-0.03200570747938286,CA
1986-04-01,-0.07456464749625018,CA
1986-07-01,-0.0772301952718553,CA
1986-10-01,-0.09159384172245257,CA
1987-01-01,-0.08558678839055346,CA
1987-04-01,-0.10689957097242676,CA
1987-07-01,-0.12175465672190988,CA
1987-10-01,-0.15252035983912463,CA
1988-01-01,-0.18769293657442132,CA
1988-04-01,-0.21146609730402274,CA
1988-07-01,-0.2360628337185989,CA
1988-10-01,-0.2420791594541416,CA
1989-01-01,-0.24042574850936868,CA
1989-04-01,-0.25283711591665414,CA
1989-07-01,-0.2593968508073546,CA
1989-10-01,-0.2627923662812379,CA
1990-01-01,-0.264893064265978,CA
1990-04-01,-0.2551396460738126,CA
1990-07-01,-0.25581198775810693,CA
1990-10-01,-0.24476233732115646,CA
1991-01-01,-0.22643258426255772,CA
1991-04-01,-0.19874818938591302,CA
1991-07-01,-0.16062930879375317,CA
1991-10-01,-0.12065643582150007,CA
1992-01-01,-0.09707959746748218,CA
1992-04-01,-0.07373016162814577,CA
1992-07-01,-0.053250069153785815,CA
1992-10-01,-0.03845767978113697,CA
1993-01-01,-0.05159779052942721,CA
1993-04-01,-0.07212743742394886,CA
1993-07-01,-0.07937398717822118,CA
1993-10-01,-0.08622133429721988,CA
1994-01-01,-0.08715365168287391,CA
1994-04-01,-0.10465655745476653,CA
1994-07-01,-0.09732243436891143,CA
1994-10-01,-0.058958510228476084,CA
1995-01-01,-0.10668390830400437,CA
1995-04-01,-0.10021777004695512,CA
1995-07-01,-0.07960870211798335,CA
1995-10-01,-0.08237682945983275,CA
1996-01-01,-0.08324334682848483,CA
1996-04-01,-0.06570463224063734,CA
1996-07-01,-0.05642257161661348,CA
1996-10-01,-0.02256923955518583,CA
1997-01-01,-0.1195117951213873,CA
1997-04-01,-0.1588394717214903,CA
1997-07-01,-0.1829018784072228,CA
1997-10-01,-0.20087597563448664,CA
1998-01-01,-0.23275350001385467,CA
1998-04-01,-0.2617981133864069,CA
1998-07-01,-0.27188832777793726,CA
1998-10-01,-0.2583587212791057,CA
1999-01-01,-0.23394471295273525,CA
1999-04-01,-0.2190179168795485,CA
1999-07-01,-0.2136186912833095,CA
1999-10-01,-0.17009343722041312,CA
2000-01-01,-0.2330639837121001,CA
2000-04-01,-0.23330312743299475,CA
2000-07-01,-0.25711036382377866,CA
2000-10-01,-0.2778195391954791,CA
2001-01-01,-0.31577983884052757,CA
2001-04-01,-0.3167145306394379,CA
2001-07-01,-0.32521117747848843,CA
2001-10-01,-0.2982437295477971,CA
2002-01-01,-0.3005119941559225,CA
2002-04-01,-0.31129386549444427,CA
2002-07-01,-0.3187139108184858,CA
2002-10-01,-0.2971563613567059,CA
2003-01-01,-0.2798064243960085,CA
2003-04-01,-0.2590916181065941,CA
2003-07-01,-0.2616958464553417,CA
2003-10-01,-0.21418254184480057,CA
2004-01-01,-0.26421154207109687,CA
2004-04-01,-0.2581915503956982,CA
2004-07-01,-0.2630972106090979,CA
2004-10-01,-0.2981294865966865,CA
2005-01-01,-0.2869585429379042,CA
2005-04-01,-0.31402350612174706,CA
2005-07-01,-0.31723166821353543,CA
2005-10-01,-0.26913820023052965,CA
2006-01-01,-0.27921199592163853,CA
2006-04-01,-0.27697800864493083,CA
2006-07-01,-0.3064355328474027,CA
2006-10-01,-0.3271494132031092,CA
2007-01-01,-0.36759714256874126,CA
2007-04-01,-0.36701948313885174,CA
2007-07-01,-0.3824505930196496,CA
2007-10-01,-0.3841315374790756,CA
2008-01-01,-0.3936618704511598,CA
2008-04-01,-0.3896746292212236,CA
2008-07-01,-0.38988778951645114,CA
2008-10-01,-0.37601356730690844,CA
2009-01-01,-0.37246612004421376,CA
2009-04-01,-0.37053395254531596,CA
2009-07-01,-0.3573341345032321,CA
2009-10-01,-0.32308517738483056,CA
2010-01-01,-0.319932778134364,CA
2010-04-01,-0.31966623363518776,CA
2010-07-01,-0.2847874663654667,CA
2010-10-01,-0.29217260653803373,CA
2011-01-01,-0.3022666597293559,CA
2011-04-01,-0.31932510544251813,CA
2011-07-01,-0.35109671015754695,CA
2011-10-01,-0.3471317503822191,CA
2012-01-01,-0.3440518598700565,CA
2012-04-01,-0.3645840005894039,CA
2012-07-01,-0.37128072667754575,CA
2012-10-01,-0.36159351253285904,CA
2013-01-01,-0.3741946070425928,CA
2013-04-01,-0.372780926627826,CA
2013-07-01,-0.3856496304723893,CA
2013-10-01,-0.382124343195691,CA
2014-01-01,-0.3860518405012592,CA
2014-04-01,-0.3897326620479039,CA
2014-07-01,-0.39739155212502036,CA
2014-10-01,-0.39419159478296695,CA
2015-01-01,-0.4035034889344928,CA
2015-04-01,-0.4080016919795297,CA
2015-07-01,-0.4061366950355941,CA
2015-10-01,-0.4037956598355243,CA
2016-01-01,-0.39545921466008466,CA
2016-04-01,-0.39310165334550423,CA
2016-07-01,-0.3949013561942797,CA
2016-10-01,-0.3684788374581468,CA
2017-01-01,-0.3786018417799904,CA
2017-04-01,-0.371667994449713,CA
2017-07-01,-0.37899645767368734,CA
2017-10-01,-0.3875619880756561,CA
2018-01-01,-0.3812836581660181,CA
2018-04-01,-0.3954932608049814,CA
2018-07-01,-0.39915414146340017,CA
2018-10-01,-0.39043233647138603,CA
2019-01-01,-0.38786781791114766,CA
2019-04-01,-0.40005360829923925,CA
2019-07-01,-0.40247918519007897,CA
2019-10-01,-0.40341483250724164,CA
2020-01-01,-0.40841713513803124,CA
2020-04-01,-0.41594559985096996,CA
2020-07-01,-0.4184235453822852,CA
2020-10-01,-0.4162772332599211,CA
2021-01-01,-0.4063285886709446,CA
2021-04-01,-0.4171328010603134,CA
2021-07-01,-0.4263467975222217,CA
2021-10-01,-0.42325836163113156,CA
2022-01-01,-0.4205137800215522,CA
2022-04-01,-0.4233767266936286,CA
2022-07-01,-0.4272783223563613,CA
2022-10-01,-0.4268842184779497,CA
2023-01-01,-0.418948060926281,CA
2023-04-01,-0.4151543686411192,CA
2023-07-01,-0.4038105976746477,CA
2023-10-01,-0.40893737519109125,CA
2024-01-01,-0.39896770485900906,CA
2024-04-01,-0.3954880985368621,CA
2024-07-01,-0.40149917419045866,CA
2024-10-01,-0.39967985383643667,CA
2025-01-01,-0.40374008294715513,CA
2025-04-01,-0.40292514643448607,CA
1956-10-01,2.864206787490679,DE
1957-01-01,2.5868242561592996,DE
1957-04-01,2.6935492424735004,DE
1957-07-01,3.2384721852641905,DE
1957-10-01,3.198387402825904,DE
1958-01-01,3.3296198514700954,DE
1958-04-01,3.2955542093020624,DE
1958-07-01,3.255156558378897,DE
1958-10-01,2.6571029974358806,DE
1959-01-01,2.9926962561956936,DE
1959-04-01,2.8826301368833374,DE
1959-07-01,2.396084944867761,DE
1959-10-01,2.094457850965185,DE
1960-01-01,2.0301445350437053,DE
1960-04-01,2.160017578518689,DE
1960-07-01,1.9331106715353579,DE
1960-10-01,1.9194774583739735,DE
1961-01-01,1.589969719595176,DE
1961-04-01,1.7318921319438385,DE
1961-07-01,1.4725376961643006,DE
1961-10-01,1.581001075231892,DE
1962-01-01,1.5997934386411201,DE
1962-04-01,1.5218041807792029,DE
1962-07-01,1.6099153409868328,DE
1962-10-01,1.8102032875608356,DE
1963-01-01,1.880326183083208,DE
1963-04-01,1.7661364490431755,DE
1963-07-01,1.8141475346874159,DE
1963-10-01,1.6912019293251894,DE
1964-01-01,1.789294229285978,DE
1964-04-01,1.672569907282655,DE
1964-07-01,1.6848654466133761,DE
1964-10-01,1.5775180553897914,DE
1965-01-01,1.6413461289938962,DE
1965-04-01,1.5551631988652255,DE
1965-07-01,1.4612038913341987,DE
1965-10-01,1.4987188530965048,DE
1966-01-01,1.5805410145640009,DE
1966-04-01,1.4896987667038875,DE
1966-07-01,1.563660623159356,DE
1966-10-01,1.6011997106467006,DE
1967-01-01,1.6459576228227166,DE
1967-04-01,1.6806472010242763,DE
1967-07-01,1.6525461336630056,DE
1967-10-01,1.7426344955192674,DE
1968-01-01,1.919591418607959,DE
1968-04-01,1.7931418083992359,DE
1968-07-01,1.628659266338106,DE
1968-10-01,1.1167223821901722,DE
1969-01-01,1.0584156799713698,DE
1969-04-01,1.1145722516441487,DE
1969-07-01,0.9203800129703383,DE
1969-10-01,0.4180238868790483,DE
1970-01-01,0.3368105154078604,DE
1970-04-01,0.3339374701679674,DE
1970-07-01,0.30934473467602513,DE
1970-10-01,0.26229321020539614,DE
1971-01-01,0.2765757106544593,DE
1971-04-01,0.21910218389926722,DE
1971-07-01,0.19358941147392525,DE
1971-10-01,0.1382767148044992,DE
1972-01-01,0.04836054386041477,DE
1972-04-01,0.03182808846338495,DE
1972-07-01,0.022124787795291073,DE
1972-10-01,-0.012259730835217133,DE
1973-01-01,-0.17053575386447656,DE
1973-04-01,-0.32237812511116554,DE
1973-07-01,-0.33422259064048765,DE
1973-10-01,-0.3141433545141189,DE
1974-01-01,-0.29175979066122787,DE
1974-04-01,-0.290184095402018,DE
1974-07-01,-0.2673843325081927,DE
1974-10-01,-0.26614893342549006,DE
1975-01-01,-0.14761552638588615,DE
1975-04-01,-0.15156834508360273,DE
1975-07-01,-0.1142452152134655,DE
1975-10-01,0.017768317977519734,DE
1976-01-01,0.07060570550304647,DE
1976-04-01,0.05612733444119182,DE
1976-07-01,0.025931172070676675,DE
1976-10-01,-0.18096826991644363,DE
1977-01-01,-0.17196274007287576,DE
1977-04-01,-0.22822470906930378,DE
1977-07-01,-0.23587730463127302,DE
1977-10-01,-0.3638571281416534,DE
1978-01-01,-0.3830214178638698,DE
1978-04-01,-0.33975482236493154,DE
1978-07-01,-0.3926086801830289,DE
1978-10-01,-0.46897961440287156,DE
1979-01-01,-0.45761591032647553,DE
1979-04-01,-0.45432280384401985,DE
1979-07-01,-0.43735515644368095,DE
1979-10-01,-0.44680394586214645,DE
1980-01-01,-0.44680394586214645,DE
1980-04-01,-0.4153070353186996,DE
1980-07-01,-0.33304119331190174,DE
1980-10-01,-0.3167082883960674,DE
1981-01-01,-0.2268429049797699,DE
1981-04-01,-0.33930969479375594,DE
1981-07-01,-0.33930969479375567,DE
1981-10-01,-0.35385030414592533,DE
1982-01-01,-0.35385030414592533,DE
1982-04-01,-0.3165021219385881,DE
1982-07-01,-0.28055202830068504,DE
1982-10-01,-0.11559797892801331,DE
1983-01-01,-0.07320855156276874,DE
1983-04-01,0.05165357910345959,DE
1983-07-01,0.0004939512243673172,DE
1983-10-01,0.0004939512243673172,DE
1984-01-01,0.014512586711635944,DE
1984-04-01,0.0004939512243685233,DE
1984-07-01,-0.20407304330738185,DE
1984-10-01,-0.17336192681008125,DE
1985-01-01,-0.1724056118556231,DE
1985-04-01,-0.1724056118556231,DE
1985-07-01,-0.2846191386143627,DE
1985-10-01,-0.44333278724577635,DE
1986-01-01,-0.4912554931448772,DE
1986-04-01,-0.5424042821022707,DE
1986-07-01,-0.5669334868016402,DE
1986-10-01,-0.5744421229760416,DE
1987-01-01,-0.5884100942615176,DE
1987-04-01,-0.5646099530524672,DE
1987-07-01,-0.53933668736929,DE
1987-10-01,-0.5942121254326697,DE
1988-01-01,-0.5697194834014149,DE
1988-04-01,-0.5369542854136288,DE
1988-07-01,-0.5120979196671048,DE
1988-10-01,-0.4530724077980042,DE
1989-01-01,-0.449218468731289,DE
1989-04-01,-0.4365072105643733,DE
1989-07-01,-0.4111153808964838,DE
1989-10-01,-0.4901756925896178,DE
1990-01-01,-0.5078393086473976,DE
1990-04-01,-0.5273525893101604,DE
1990-07-01,-0.5734969955175803,DE
1990-10-01,-0.6053360932219056,DE
1991-01-01,-0.6012803275726141,DE
1991-04-01,-0.5897998002449952,DE
1991-07-01,-0.514305978016119,DE
1991-10-01,-0.5787523221479843,DE
1992-01-01,-0.5610270616600544,DE
1992-04-01,-0.5816747431029551,DE
1992-07-01,-0.6240814020897962,DE
1992-10-01,-0.6273774113697619,DE
1993-01-01,-0.6286214694759923,DE
1993-04-01,-0.597690266477265,DE
1993-07-01,-0.5580755268926336,DE
1993-10-01,-0.5660424453055174,DE
1994-01-01,-0.4941506714897493,DE
1994-04-01,-0.5028224724899356,DE
1994-07-01,-0.5492127438609852,DE
1994-10-01,-0.5584983986308607,DE
1995-01-01,-0.618570558616734,DE
1995-04-01,-0.6186601246877731,DE
1995-07-01,-0.6236089198781423,DE
1995-10-01,-0.615956433433329,DE
1996-01-01,-0.5816411912062708,DE
1996-04-01,-0.5276521861594445,DE
1996-07-01,-0.5032490965936579,DE
1996-10-01,-0.20181332653210984,DE
1997-01-01,-0.47729911555185134,DE
1997-04-01,-0.5061540013058587,DE
1997-07-01,-0.5218736813479085,DE
1997-10-01,-0.5008337526805433,DE
1998-01-01,-0.5231002635413045,DE
1998-04-01,-0.5120346495120336,DE
1998-07-01,-0.5225309642404605,DE
1998-10-01,-0.5459460256920199,DE
1999-01-01,-0.5459460256920199,DE
1999-04-01,-0.5435530636418323,DE
1999-07-01,-0.5372131466520039,DE
1999-10-01,-0.5435530636418328,DE
2000-01-01,-0.5073710292963938,DE
2000-04-01,-0.5043914982629307,DE
2000-07-01,-0.5609738956966926,DE
2000-10-01,-0.48204746537420573,DE
2001-01-01,-0.48204746537420573,DE
2001-04-01,-0.47284656710397377,DE
2001-07-01,-0.49382769190499537,DE
2001-10-01,-0.4858292322644457,DE
2002-01-01,-0.49382769190499537,DE
2002-04-01,-0.607814146731939,DE
2002-07-01,-0.5906120074886514,DE
2002-10-01,-0.6316547518064316,DE
2003-01-01,-0.6405343929723535,DE
2003-04-01,-0.6505571791192422,DE
2003-07-01,-0.6564938189718129,DE
2003-10-01,-0.6731027340656033,DE
2004-01-01,-0.6477824869883475,DE
2004-04-01,-0.6477824869883475,DE
2004-07-01,-0.6199006388430359,DE
2004-10-01,-0.6233411081891477,DE
2005-01-01,-0.5919543445303358,DE
2005-04-01,-0.5710306959953048,DE
2005-07-01,-0.5630509579804803,DE
2005-10-01,-0.5788570350509954,DE
2006-01-01,-0.5736570634166551,DE
2006-04-01,-0.5684570917823152,DE
2006-07-01,-0.5736570634166552,DE
2006-10-01,-0.6129123638618126,DE
2007-01-01,-0.6235934590530886,DE
2007-04-01,-0.6315859856475777,DE
2007-07-01,-0.6515531268218874,DE
2007-10-01,-0.657431478899948,DE
2008-01-01,-0.6649083611230893,DE
2008-04-01,-0.6644800343986043,DE
2008-07-01,-0.651985965081053,DE
2008-10-01,-0.651140562682148,DE
2009-01-01,-0.6368973211813973,DE
2009-04-01,-0.6292598361373879,DE
2009-07-01,-0.6292598361373877,DE
2009-10-01,-0.6292598361373877,DE
2010-01-01,-0.6298161949712386,DE
2010-04-01,-0.6341116601495844,DE
2010-07-01,-0.6296783102859677,DE
2010-10-01,-0.6296783102859677,DE
2011-01-01,-0.6308931259189595,DE
2011-04-01,-0.6296783102859675,DE
2011-07-01,-0.6261521662560673,DE
2011-10-01,-0.6261521662560672,DE
2012-01-01,-0.6274118511497477,DE
2012-04-01,-0.5673367606157187,DE
2012-07-01,-0.5673367606157187,DE
2012-10-01,-0.5673367606157187,DE
2013-01-01,-0.5673367606157188,DE
2013-04-01,-0.4832335041274766,DE
2013-07-01,-0.5718652981464053,DE
2013-10-01,-0.6082091942628033,DE
2014-01-01,-0.6087538001229508,DE
2014-04-01,-0.5928657269895315,DE
2014-07-01,-0.5881851613784622,DE
2014-10-01,-0.6147306854737136,DE
2015-01-01,-0.6635350448736618,DE
2015-04-01,-0.6613173677216752,DE
2015-07-01,-0.6613173677216752,DE
2015-10-01,-0.6604803193387411,DE
2016-01-01,-0.6582626421867547,DE
2016-04-01,-0.6149437831231036,DE
2016-07-01,-0.5636931799330719,DE
2016-10-01,-0.5521048749091463,DE
2017-01-01,-0.4755045103982233,DE
2017-04-01,-0.5834332261685603,DE
2017-07-01,-0.6228680985693028,DE
2017-10-01,-0.629193916023637,DE
2018-01-01,-0.6433853253762327,DE
2018-04-01,-0.6407078501004007,DE
2018-07-01,-0.6433853253762327,DE
2018-10-01,-0.6364449443965265,DE
2019-01-01,-0.5870431300834339,DE
2019-04-01,-0.4947588710520818,DE
2019-07-01,-0.455942454609043,DE
2019-10-01,-0.44602180216380866,DE
2020-01-01,-0.3851976493592519,DE
2020-04-01,-0.5051573869460887,DE
2020-07-01,-0.6093250206721861,DE
2020-10-01,-0.6474617089840535,DE
2021-01-01,-0.64482953704245,DE
2021-04-01,-0.64482953704245,DE
2021-07-01,-0.6384521281140273,DE
2021-10-01,-0.6395944978658171,DE
2022-01-01,-0.611378430714683,DE
2022-04-01,-0.5625299372984905,DE
2022-07-01,-0.6108663860455595,DE
2022-10-01,-0.6053453310927435,DE
2023-01-01,-0.6141947535341293,DE
2023-04-01,-0.6217424075973144,DE
2023-07-01,-0.6181315151860627,DE
2023-10-01,-0.635642803098998,DE
2024-01-01,-0.6398018356877095,DE
2024-04-01,-0.6447009572024492,DE
2024-07-01,-0.5772161706416311,DE
2024-10-01,-0.5736621268302803,DE
2025-01-01,-0.5736621268302806,DE
2025-04-01,-0.6433451226928686,DE
1971-10-01,2.654119316813645,ES
1972-01-01,2.665031829668558,ES
1972-04-01,3.3049989157430337,ES
1972-07-01,2.639295432788397,ES
1972-10-01,2.4999874315109682,ES
1973-01-01,2.4357285188321858,ES
1973-04-01,2.6837147276214086,ES
1973-07-01,2.1808679405121687,ES
1973-10-01,2.308946705706306,ES
1974-01-01,2.296638534350461,ES
1974-04-01,2.1787387202080644,ES
1974-07-01,1.8127384883856037,ES
1974-10-01,1.9050215385215885,ES
1975-01-01,1.8859006512167928,ES
1975-04-01,1.8340274569042603,ES
1975-07-01,1.5829992913023105,ES
1975-10-01,1.656859289589185,ES
1976-01-01,1.6787839975038947,ES
1976-04-01,1.5772051566808838,ES
1976-07-01,1.5819847521195671,ES
1976-10-01,1.401739544715137,ES
1977-01-01,1.3465819814088804,ES
1977-04-01,1.2611319906757168,ES
1977-07-01,1.110178986016419,ES
1977-10-01,1.1455366492785684,ES
1978-01-01,1.218822512486401,ES
1978-04-01,1.186791407545102,ES
1978-07-01,1.3115527930054194,ES
1978-10-01,1.268192715350738,ES
1979-01-01,1.259993703635598,ES
1979-04-01,1.2175243510180178,ES
1979-07-01,1.2575139107728426,ES
1979-10-01,1.0841885911529314,ES
1980-01-01,0.8861092390070805,ES
1980-04-01,0.928935978323944,ES
1980-07-01,0.8916867248272344,ES
1980-10-01,0.7667920319148428,ES
1981-01-01,0.7474777070407145,ES
1981-04-01,0.6537814424426058,ES
1981-07-01,0.6156817688028013,ES
1981-10-01,0.4328757991329058,ES
1982-01-01,0.44361423860735416,ES
1982-04-01,0.37969390643572765,ES
1982-07-01,0.2871345232154111,ES
1982-10-01,0.2527153215781103,ES
1983-01-01,0.26456177203437076,ES
1983-04-01,0.17199117268309255,ES
1983-07-01,0.32685804448975964,ES
1983-10-01,0.3035203556312882,ES
1984-01-01,0.39149966506557543,ES
1984-04-01,0.3756237377381242,ES
1984-07-01,0.5537538523332214,ES
1984-10-01,0.46689196104763364,ES
1985-01-01,0.5630025406730568,ES
1985-04-01,0.5529639599558388,ES
1985-07-01,0.9167873603181792,ES
1985-10-01,0.6557232707773983,ES
1986-01-01,0.8079461969260622,ES
1986-04-01,0.5942844675965187,ES
1986-07-01,1.1346964447571193,ES
1986-10-01,0.5783397780481535,ES
1987-01-01,0.5388579019849595,ES
1987-04-01,0.593860819782156,ES
1987-07-01,0.5642582238138283,ES
1987-10-01,0.12132047814490118,ES
1988-01-01,0.16557242101287178,ES
1988-04-01,0.05796557120150869,ES
1988-07-01,0.058436607603125336,ES
1988-10-01,-0.26112538376363037,ES
1989-01-01,-0.26032754727370533,ES
1989-04-01,-0.4012734856913361,ES
1989-07-01,-0.38267238152622235,ES
1989-10-01,-0.41257950836642765,ES
1990-01-01,-0.4381785611278927,ES
1990-04-01,-0.5227681643376867,ES
1990-07-01,-0.398553717908247,ES
1990-10-01,-0.4317308393308893,ES
1991-01-01,-0.361153007525859,ES
1991-04-01,-0.38547725881395395,ES
1991-07-01,-0.37540682473314846,ES
1991-10-01,-0.36540119682186645,ES
1992-01-01,-0.25849091243343664,ES
1992-04-01,-0.2923701937919626,ES
1992-07-01,-0.28734516840200147,ES
1992-10-01,-0.30012285626773927,ES
1993-01-01,-0.17671686289830119,ES
1993-04-01,-0.14879315163466922,ES
1993-07-01,-0.07181450459617517,ES
1993-10-01,-0.09817770236537425,ES
1994-01-01,0.05523438510697398,ES
1994-04-01,0.26928635683279617,ES
1994-07-01,0.5249879765164441,ES
1994-10-01,0.6601670542872745,ES
1995-01-01,0.9529690823699509,ES
1995-04-01,0.45513314738386834,ES
1995-07-01,0.4679365863457105,ES
1995-10-01,0.7298190641662801,ES
1996-01-01,0.6678089664480282,ES
1996-04-01,0.23888165828561242,ES
1996-07-01,0.4277539693475272,ES
1996-10-01,0.05561547663216733,ES
1997-01-01,-0.07178955145851462,ES
1997-04-01,-0.15763509201382758,ES
1997-07-01,-0.25742727205874677,ES
1997-10-01,-0.437304910197574,ES
1998-01-01,-0.4647997774454662,ES
1998-04-01,-0.6044033373425787,ES
1998-07-01,-0.632506648589535,ES
1998-10-01,-0.688180590936288,ES
1999-01-01,-0.8090925612382033,ES
1999-04-01,-0.9282213307518755,ES
1999-07-01,-0.9564640860611051,ES
1999-10-01,-0.976472285276407,ES
2000-01-01,-1.0051185091349664,ES
2000-04-01,-1.0478236191999224,ES
2000-07-01,-1.0724722538450744,ES
2000-10-01,-1.0590280445977338,ES
2001-01-01,-1.048487482089796,ES
2001-04-01,-1.0478384808518808,ES
2001-07-01,-1.0726613242517706,ES
2001-10-01,-1.050944016989223,ES
2002-01-01,-1.0405091729561033,ES
2002-04-01,-1.0200775367559165,ES
2002-07-01,-1.0170577539621148,ES
2002-10-01,-1.0266381815232524,ES
2003-01-01,-1.0120749896866443,ES
2003-04-01,-1.0063722608656924,ES
2003-07-01,-1.0089951526443424,ES
2003-10-01,-1.0586126795782527,ES
2004-01-01,-1.073873900869201,ES
2004-04-01,-1.1033361193093258,ES
2004-07-01,-1.1144458184334483,ES
2004-10-01,-1.1325751180239396,ES
2005-01-01,-1.153173863146602,ES
2005-04-01,-1.179284953092642,ES
2005-07-01,-1.1682305935903388,ES
2005-10-01,-1.1885592828529183,ES
2006-01-01,-1.2068785212247504,ES
2006-04-01,-1.217392066770329,ES
2006-07-01,-1.2214498870282697,ES
2006-10-01,-1.234574975852467,ES
2007-01-01,-1.2375522143384015,ES
2007-04-01,-1.2490759285465416,ES
2007-07-01,-1.2469057454663595,ES
2007-10-01,-1.2394515242727144,ES
2008-01-01,-1.2206735690878303,ES
2008-04-01,-1.2154267292351921,ES
2008-07-01,-1.1945569985172448,ES
2008-10-01,-1.1695321264249428,ES
2009-01-01,-1.0756383113567825,ES
2009-04-01,-1.0267946833562422,ES
2009-07-01,-0.9387175660909387,ES
2009-10-01,-0.926624242042414,ES
2010-01-01,-0.6159838415831348,ES
2010-04-01,-0.5597730701568201,ES
2010-07-01,-0.30591884914119793,ES
2010-10-01,-0.17171432845374174,ES
2011-01-01,-0.230967677495088,ES
2011-04-01,-0.25473636021805884,ES
2011-07-01,-0.4452154050125605,ES
2011-10-01,-0.648580815215797,ES
2012-01-01,-0.7357578665000359,ES
2012-04-01,-0.7250092469537778,ES
2012-07-01,-0.8106717386633838,ES
2012-10-01,-1.0477027139798327,ES
2013-01-01,-1.0831926422531513,ES
2013-04-01,-1.0925992633811195,ES
2013-07-01,-1.088911407995947,ES
2013-10-01,-1.1088707531952051,ES
2014-01-01,-1.1134062318507227,ES
2014-04-01,-1.104067997595687,ES
2014-07-01,-0.9958490442588003,ES
2014-10-01,-0.9923682435681074,ES
2015-01-01,-0.9664032190013502,ES
2015-04-01,-0.9285361465203671,ES
2015-07-01,-0.9331723574491052,ES
2015-10-01,-0.8981102382616502,ES
2016-01-01,-0.8497254895617936,ES
2016-04-01,-0.796452006858158,ES
2016-07-01,-0.6049858691806431,ES
2016-10-01,-0.5315259480186675,ES
2017-01-01,-0.45241040840752617,ES
2017-04-01,-0.23393731245938532,ES
2017-07-01,-0.3460969654111904,ES
2017-10-01,-0.4497862557596736,ES
2018-01-01,-0.4727868333652888,ES
2018-04-01,-0.3113330585698778,ES
2018-07-01,-0.1441770016840133,ES
2018-10-01,-0.18899118806509133,ES
2019-01-01,-0.052563623443028895,ES
2019-04-01,0.38509827947515757,ES
2019-07-01,0.38509827947515757,ES
2019-10-01,0.5045016592293997,ES
2020-01-01,0.543093583898498,ES
2020-04-01,-0.24401171136397598,ES
2020-07-01,-0.17679641935586757,ES
2020-10-01,-0.09478988785351253,ES
2021-01-01,-0.0738167522683369,ES
2021-04-01,-0.5934000595330123,ES
2021-07-01,-0.5934000595330148,ES
2021-10-01,-0.5934000595330148,ES
2022-01-01,-0.21629075666986186,ES
2022-04-01,-0.27199371892137936,ES
2022-07-01,-0.1967984350831313,ES
2022-10-01,-0.0027738449141938666,ES
2023-01-01,0.7026684418386732,ES
2023-04-01,0.5761682865927398,ES
2023-07-01,0.23779416845631346,ES
2023-10-01,0.23779416845631382,ES
2024-01-01,0.10701787771278262,ES
2024-04-01,-0.2014985667603329,ES
2024-07-01,-0.2866002703992424,ES
2024-10-01,-0.19611924580047846,ES
2025-01-01,-0.19611924580047846,ES
2025-04-01,-0.48906826272420195,ES
1971-07-01,3.3086011564344506,FR
1971-10-01,2.6355789851628533,FR
1972-01-01,2.4976976963012056,FR
1972-04-01,2.33206696691265,FR
1972-07-01,2.4824652651850214,FR
1972-10-01,2.0336663980879015,FR
1973-01-01,1.9578392221850345,FR
1973-04-01,2.0712269256681863,FR
1973-07-01,1.8398689882706873,FR
1973-10-01,1.8948797829405222,FR
1974-01-01,1.794363331109553,FR
1974-04-01,1.9090795409420434,FR
1974-07-01,2.1030201580752905,FR
1974-10-01,1.7420955195593193,FR
1975-01-01,1.6115993956379302,FR
1975-04-01,1.6366004117071238,FR
1975-07-01,2.049036745900709,FR
1975-10-01,1.601751676558909,FR
1976-01-01,1.5144628473548676,FR
1976-04-01,1.460465795524692,FR
1976-07-01,1.6435728637148026,FR
1976-10-01,1.2520971780722518,FR
1977-01-01,1.1202748388499753,FR
1977-04-01,1.2942873624361932,FR
1977-07-01,1.2414197931465065,FR
1977-10-01,1.1721206386419005,FR
1978-01-01,0.9455602088584388,FR
1978-04-01,0.9604793159600332,FR
1978-07-01,1.0332146148864332,FR
1978-10-01,0.8831888292158896,FR
1979-01-01,0.8422050166034519,FR
1979-04-01,1.0765526715489608,FR
1979-07-01,1.346092768107174,FR
1979-10-01,0.8546697853210936,FR
1980-01-01,1.035487267160038,FR
1980-04-01,0.6444894895960251,FR
1980-07-01,0.5035781243032921,FR
1980-10-01,0.32672606428950757,FR
1981-01-01,0.43684445377426545,FR
1981-04-01,0.3735719250337745,FR
1981-07-01,0.4929995089392259,FR
1981-10-01,0.26101653845615236,FR
1982-01-01,0.39544576180864105,FR
1982-04-01,0.2622092490174687,FR
1982-07-01,0.24048390227936714,FR
1982-10-01,-0.04815418036679961,FR
1983-01-01,-0.07775151110671566,FR
1983-04-01,-0.07745783374351452,FR
1983-07-01,-0.09706677393594951,FR
1983-10-01,-0.1833721159413791,FR
1984-01-01,-0.1439242333696796,FR
1984-04-01,-0.1419705580201628,FR
1984-07-01,-0.03292183410945901,FR
1984-10-01,-0.06467114374111357,FR
1985-01-01,0.004138389896223013,FR
1985-04-01,0.007913474330568195,FR
1985-07-01,0.33779113863867805,FR
1985-10-01,0.11262418575619736,FR
1986-01-01,0.3546664068954463,FR
1986-04-01,0.3198714847637788,FR
1986-07-01,0.5069056820730482,FR
1986-10-01,0.4339837874889864,FR
1987-01-01,0.1382324364582686,FR
1987-04-01,0.1293282400333935,FR
1987-07-01,0.35105024512619243,FR
1987-10-01,0.1947383513045154,FR
1988-01-01,0.08219306778641561,FR
1988-04-01,-0.061038681926980164,FR
1988-07-01,-0.22197484431959585,FR
1988-10-01,-0.36516106384051894,FR
1989-01-01,-0.3848223036262844,FR
1989-04-01,-0.5275295235761166,FR
1989-07-01,-0.5318969001952858,FR
1989-10-01,-0.6440605885693471,FR
1990-01-01,-0.6578583878816694,FR
1990-04-01,-0.658014801432585,FR
1990-07-01,-0.5729387402326895,FR
1990-10-01,-0.6909630498400757,FR
1991-01-01,-0.6713302141328775,FR
1991-04-01,-0.637088530457236,FR
1991-07-01,-0.5437615825890988,FR
1991-10-01,-0.49604669119566586,FR
1992-01-01,-0.6222233309920416,FR
1992-04-01,-0.5868508802855558,FR
1992-07-01,-0.20249125535651066,FR
1992-10-01,-0.38108693205987376,FR
1993-01-01,-0.503876581797888,FR
1993-04-01,-0.5144790722837234,FR
1993-07-01,-0.38356034402097444,FR
1993-10-01,-0.3206634743648762,FR
1994-01-01,-0.16881067699429292,FR
1994-04-01,-0.05984783723739762,FR
1994-07-01,0.6468314249335754,FR
1994-10-01,2.0073930552135866,FR
1995-01-01,2.0073930552135866,FR
1995-04-01,1.6923490326379604,FR
1995-07-01,1.1035233824881947,FR
1995-10-01,1.2942300415939714,FR
1996-01-01,1.1584876174641678,FR
1996-04-01,0.927557460800188,FR
1996-07-01,1.8774704781439921,FR
1996-10-01,1.4586274142615747,FR
1997-01-01,2.5896841064455884,FR
1997-04-01,1.490357667110718,FR
1997-07-01,1.405951901293452,FR
1997-10-01,0.9518631865851588,FR
1998-01-01,0.5837167024689529,FR
1998-04-01,0.44447574860669736,FR
1998-07-01,0.3766320626453969,FR
1998-10-01,0.5779573696252434,FR
1999-01-01,0.40390361634638866,FR
1999-04-01,-0.02019428456201566,FR
1999-07-01,-0.16279425055415803,FR
1999-10-01,-0.3869588173990519,FR
2000-01-01,-0.46675394007168164,FR
2000-04-01,-0.5903006592671288,FR
2000-07-01,-0.7586621572662846,FR
2000-10-01,-0.7808819044056406,FR
2001-01-01,-0.7841404460213671,FR
2001-04-01,-0.8296243781674667,FR
2001-07-01,-0.8289969812110145,FR
2001-10-01,-0.8363806433464493,FR
2002-01-01,-0.7785121111392693,FR
2002-04-01,-0.6507202924861973,FR
2002-07-01,-0.5421218523790226,FR
2002-10-01,-0.43601827746786526,FR
2003-01-01,-0.31103489716706406,FR
2003-04-01,-0.16346865447491266,FR
2003-07-01,-0.04425001162173936,FR
2003-10-01,0.13166209432424184,FR
2004-01-01,-0.0609170332575647,FR
2004-04-01,-0.26663052815530164,FR
2004-07-01,-0.32681926585240406,FR
2004-10-01,-0.40661223973616145,FR
2005-01-01,-0.4339537968972875,FR
2005-04-01,-0.625420149532146,FR
2005-07-01,-0.69251652504646,FR
2005-10-01,-0.7510097351388935,FR
2006-01-01,-0.7212848332472321,FR
2006-04-01,-0.826149882201552,FR
2006-07-01,-0.8525536153284198,FR
2006-10-01,-0.8940660052667103,FR
2007-01-01,-0.8986877059297821,FR
2007-04-01,-0.9562400230270099,FR
2007-07-01,-0.9640486915740994,FR
2007-10-01,-0.9745222787278537,FR
2008-01-01,-0.9282996823751343,FR
2008-04-01,-0.9855440911757376,FR
2008-07-01,-0.9951825476781528,FR
2008-10-01,-0.978435830936453,FR
2009-01-01,-0.8801159921193401,FR
2009-04-01,-0.8173643318427893,FR
2009-07-01,-0.7522430233133375,FR
2009-10-01,-0.6422758781816652,FR
2010-01-01,-0.2578536276730145,FR
2010-04-01,0.4273845309072604,FR
2010-07-01,0.3394765543484425,FR
2010-10-01,-0.07808632648198034,FR
2011-01-01,-0.36458704787616614,FR
2011-04-01,-0.7033284737338494,FR
2011-07-01,-0.8621665666513637,FR
2011-10-01,-0.9099985570529949,FR
2012-01-01,-0.9781966156540336,FR
2012-04-01,-1.0004254834027384,FR
2012-07-01,-0.9643790063580346,FR
2012-10-01,-0.9526338210713886,FR
2013-01-01,-0.7975932035595551,FR
2013-04-01,-0.6033599041374897,FR
2013-07-01,-0.3526878530155944,FR
2013-10-01,0.19353799427179585,FR
2014-01-01,0.23032375230400506,FR
2014-04-01,-0.29319843002798085,FR
2014-07-01,-0.5258610355662262,FR
2014-10-01,-0.6493216376892897,FR
2015-01-01,-0.8583034199509196,FR
2015-04-01,-0.8685293575979849,FR
2015-07-01,-0.9027921703552283,FR
2015-10-01,-0.897179875301924,FR
2016-01-01,-0.8024671893032721,FR
2016-04-01,-0.8381659895202229,FR
2016-07-01,-0.8305725376200944,FR
2016-10-01,-0.7681099729716997,FR
2017-01-01,-0.849105312000689,FR
2017-04-01,-0.833605715465809,FR
2017-07-01,-0.7916593977579358,FR
2017-10-01,-0.8682511127500289,FR
2018-01-01,-0.8605014014758596,FR
2018-04-01,-0.9271118366930111,FR
2018-07-01,-0.9326734138364313,FR
2018-10-01,-0.9075275347271317,FR
2019-01-01,-0.9945910181320647,FR
2019-04-01,-1.0504392382839363,FR
2019-07-01,-1.0961264826656487,FR
2019-10-01,-1.0848247460753464,FR
2020-01-01,-1.056689002600237,FR
2020-04-01,-1.1977554525061087,FR
2020-07-01,-1.1983404409355127,FR
2020-10-01,-1.1916559822293311,FR
2021-01-01,-1.126415251460206,FR
2021-04-01,-1.1184981313316447,FR
2021-07-01,-1.1022282390795635,FR
2021-10-01,-1.085826979141757,FR
2022-01-01,-0.9142857949492401,FR
2022-04-01,-0.8991140385172303,FR
2022-07-01,-0.9256820822998573,FR
2022-10-01,-0.9998089926672472,FR
2023-01-01,-1.0134237585751638,FR
2023-04-01,-1.0080693826013458,FR
2023-07-01,-0.9638832774985563,FR
2023-10-01,-0.924773037194166,FR
2024-01-01,-0.8383043054518806,FR
2024-04-01,-0.7275684019335913,FR
2024-07-01,-0.6094503641894083,FR
2024-10-01,-0.5766673178639461,FR
2025-01-01,-0.6800217151129889,FR
2025-04-01,-0.7161301404559728,FR
1952-07-01,-5.468332328860661,IT
1952-10-01,-4.703645562050989,IT
1953-01-01,-4.154274969732038,IT
1953-04-01,-3.6690896882149717,IT
1953-07-01,-3.226660024272827,IT
1953-10-01,-3.262535397522411,IT
1954-01-01,-3.2505363649944585,IT
1954-04-01,-3.226660024272827,IT
1954-07-01,-3.202944790057307,IT
1954-10-01,-3.098182296397307,IT
1955-01-01,-2.854944003582281,IT
1955-04-01,-2.6385564831086903,IT
1955-07-01,-2.417695816828244,IT
1955-10-01,-2.246914864779004,IT
1956-01-01,-1.9572624100324012,IT
1956-04-01,-1.6893646673954994,IT
1956-07-01,-1.441725458573071,IT
1956-10-01,-1.3003692301449172,IT
1957-01-01,-1.3668404091458657,IT
1957-04-01,-1.4417254585730601,IT
1957-07-01,-1.5060952285760087,IT
1957-10-01,-1.7035167725594789,IT
1958-01-01,-1.9106082393992039,IT
1958-04-01,-2.1441106362345748,IT
1958-07-01,-2.371768388803618,IT
1958-10-01,-2.3086631279098087,IT
1959-01-01,-1.7609573964023375,IT
1959-04-01,-1.3063283680647766,IT
1959-07-01,-0.9162484161588087,IT
1959-10-01,-0.6019163891723428,IT
1960-01-01,-0.6397264509767681,IT
1960-04-01,-0.1593480010350414,IT
1960-07-01,0.6937180899579121,IT
1960-10-01,0.8264309282943786,IT
1961-01-01,0.5141797816387815,IT
1961-04-01,0.6422324283742263,IT
1961-07-01,1.11655825896628,IT
1961-10-01,1.13331399182802,IT
1962-01-01,1.1740668167963058,IT
1962-04-01,1.2026120698147145,IT
1962-07-01,1.2220569128159147,IT
1962-10-01,1.2315898291546612,IT
1963-01-01,1.2394918867350293,IT
1963-04-01,1.2401588923905043,IT
1963-07-01,1.235236885889176,IT
1963-10-01,1.2311279607031633,IT
1964-01-01,0.9903028311027242,IT
1964-04-01,0.9776036193810821,IT
1964-07-01,0.957215028140015,IT
1964-10-01,0.9099217647527894,IT
1965-01-01,1.1882180429622715,IT
1965-04-01,1.135931486146628,IT
1965-07-01,1.053468028097904,IT
1965-10-01,1.0896642514645647,IT
1966-01-01,1.1556992539507116,IT
1966-04-01,1.1980548236652497,IT
1966-07-01,1.2237109358152192,IT
1966-10-01,1.2334933452727106,IT
1967-01-01,1.240426779380581,IT
1967-04-01,1.2382889446468952,IT
1967-07-01,1.2294683539388136,IT
1967-10-01,1.2230734509340317,IT
1968-01-01,1.2175527569489162,IT
1968-04-01,1.2118548234072866,IT
1968-07-01,1.2053873924404774,IT
1968-10-01,1.2058435563287278,IT
1969-01-01,1.19724689635989,IT
1969-04-01,1.1879589441704876,IT
1969-07-01,1.1777447225342306,IT
1969-10-01,1.165005304941831,IT
1970-01-01,1.15134106824711,IT
1970-04-01,1.1373238940856896,IT
1970-07-01,1.1223159664773041,IT
1970-10-01,1.118955874543598,IT
1971-01-01,1.0938179656913578,IT
1971-04-01,1.0683739874790859,IT
1971-07-01,1.0423804883086825,IT
1971-10-01,1.0174551139973795,IT
1972-01-01,0.9849379257820257,IT
1972-04-01,0.9542880172544362,IT
1972-07-01,0.9239538177390404,IT
1972-10-01,0.9134036236456909,IT
1973-01-01,0.8819077669372636,IT
1973-04-01,0.8516549859760043,IT
1973-07-01,0.8219257267439543,IT
1973-10-01,0.8002258278530233,IT
1974-01-01,0.7557589985617048,IT
1974-04-01,0.7145235584986322,IT
1974-07-01,0.6757145774811808,IT
1974-10-01,0.6534662750488445,IT
1975-01-01,0.6368469569244084,IT
1975-04-01,0.6206754279389685,IT
1975-07-01,0.6043168248194827,IT
1975-10-01,0.6046455958869157,IT
1976-01-01,0.6051209659287731,IT
1976-04-01,0.6006725544937322,IT
1976-07-01,0.5794000106130278,IT
1976-10-01,0.5248514561721005,IT
1977-01-01,0.5436559022661551,IT
1977-04-01,0.48882132202039613,IT
1977-07-01,0.48633132414756647,IT
1977-10-01,0.45158059031128106,IT
1978-01-01,0.4612732584444225,IT
1978-04-01,0.5371172358680928,IT
1978-07-01,0.5776486326271547,IT
1978-10-01,0.5046457571410136,IT
1979-01-01,0.4648829848482886,IT
1979-04-01,0.494795152633978,IT
1979-07-01,0.502515982635067,IT
1979-10-01,0.30881457597960704,IT
1980-01-01,0.30480190588154205,IT
1980-04-01,0.2515831023192963,IT
1980-07-01,0.22413065679373748,IT
1980-10-01,0.14986711889014756,IT
1981-01-01,0.10513566052779008,IT
1981-04-01,0.12144825491884546,IT
1981-07-01,0.18730960944084352,IT
1981-10-01,0.12062619232093474,IT
1982-01-01,0.14509082891138164,IT
1982-04-01,0.13314536407474423,IT
1982-07-01,0.23961614777897525,IT
1982-10-01,0.13511932259743148,IT
1983-01-01,0.09685976977445625,IT
1983-04-01,0.13235215825440816,IT
1983-07-01,0.21029113837262753,IT
1983-10-01,0.11361270745033089,IT
1984-01-01,0.10759963471606099,IT
1984-04-01,0.06691477364025519,IT
1984-07-01,0.0705418952255831,IT
1984-10-01,0.01031981528392255,IT
1985-01-01,0.014081460024120567,IT
1985-04-01,0.009864558823637756,IT
1985-07-01,0.0713476956963505,IT
1985-10-01,0.010267259955677326,IT
1986-01-01,0.03829576594576131,IT
1986-04-01,0.06776968486948448,IT
1986-07-01,0.17906420520541183,IT
1986-10-01,0.02987796060276738,IT
1987-01-01,0.020975301580167832,IT
1987-04-01,0.026326855744060927,IT
1987-07-01,0.08473479876676138,IT
1987-10-01,-0.023065907868898883,IT
1988-01-01,0.001694865062829896,IT
1988-04-01,-0.013274235099403751,IT
1988-07-01,0.04206937248640222,IT
1988-10-01,-0.03871614081151358,IT
1989-01-01,-0.05816331017610213,IT
1989-04-01,-0.07264288480335569,IT
1989-07-01,-0.04682261735097849,IT
1989-10-01,-0.09747812566491912,IT
1990-01-01,-0.06431667062419623,IT
1990-04-01,-0.08266540331302741,IT
1990-07-01,-0.045946034784117046,IT
1990-10-01,-0.11087225872855129,IT
1991-01-01,-0.08201619428849435,IT
1991-04-01,-0.09900953734373408,IT
1991-07-01,-0.060205214340095445,IT
1991-10-01,-0.11337680420735716,IT
1992-01-01,-0.0983927900377541,IT
1992-04-01,-0.11232849578237165,IT
1992-07-01,-0.08961772629465518,IT
1992-10-01,-0.11806052681155725,IT
1993-01-01,-0.09729704149147693,IT
1993-04-01,-0.10811380410385854,IT
1993-07-01,-0.015162930943567101,IT
1993-10-01,-0.0463653739628161,IT
1994-01-01,0.00522234030302509,IT
1994-04-01,0.01743803094421661,IT
1994-07-01,0.20341167670771887,IT
1994-10-01,0.16775939976438559,IT
1995-01-01,0.17792154896781823,IT
1995-04-01,0.042903012431024366,IT
1995-07-01,0.05694676078279556,IT
1995-10-01,-0.0008883967642604716,IT
1996-01-01,-0.0008883967642604142,IT
1996-04-01,-0.035196289889771144,IT
1996-07-01,0.07454744063536621,IT
1996-10-01,0.016342253155461173,IT
1997-01-01,0.08832748481089903,IT
1997-04-01,0.08885664830727362,IT
1997-07-01,0.20663353339458368,IT
1997-10-01,0.0639501942999085,IT
1998-01-01,0.06994651688831333,IT
1998-04-01,0.03122622618680351,IT
1998-07-01,0.07650453717644319,IT
1998-10-01,-0.0030421978551188646,IT
1999-01-01,0.027542690721484304,IT
1999-04-01,-0.08174023856283366,IT
1999-07-01,-0.06917989420750874,IT
1999-10-01,-0.12114703674793766,IT
2000-01-01,-0.11560990741151018,IT
2000-04-01,-0.1277574452914577,IT
2000-07-01,-0.11977678332261668,IT
2000-10-01,-0.15557933017015996,IT
2001-01-01,-0.14369631958513585,IT
2001-04-01,-0.14472898662092054,IT
2001-07-01,-0.13050307470622338,IT
2001-10-01,-0.13886196273754461,IT
2002-01-01,-0.13588144513818953,IT
2002-04-01,-0.13735939853032908,IT
2002-07-01,-0.11107036602552324,IT
2002-10-01,-0.1209517495452261,IT
2003-01-01,-0.10849933606096229,IT
2003-04-01,-0.11686605828244018,IT
2003-07-01,-0.09709016462592704,IT
2003-10-01,-0.12054740185192106,IT
2004-01-01,-0.11167573851846066,IT
2004-04-01,-0.13759291649497693,IT
2004-07-01,-0.11973984073846058,IT
2004-10-01,-0.14262002004398197,IT
2005-01-01,-0.14007270660164436,IT
2005-04-01,-0.1483219757284799,IT
2005-07-01,-0.14129487753970238,IT
2005-10-01,-0.15822364083304977,IT
2006-01-01,-0.15762869061292,IT
2006-04-01,-0.16925516767404702,IT
2006-07-01,-0.1580911250969153,IT
2006-10-01,-0.1730204746687137,IT
2007-01-01,-0.1725960413020626,IT
2007-04-01,-0.18040071397108157,IT
2007-07-01,-0.17520947952515348,IT
2007-10-01,-0.18724115281926118,IT
2008-01-01,-0.1963628671517089,IT
2008-04-01,-0.19540895774419312,IT
2008-07-01,-0.18837722995378986,IT
2008-10-01,-0.1803401412348297,IT
2009-01-01,-0.17079987527195484,IT
2009-04-01,-0.16732015893280655,IT
2009-07-01,-0.12690581924193256,IT
2009-10-01,-0.01641845763200858,IT
2010-01-01,-0.0015967785288318952,IT
2010-04-01,-0.042818567527154495,IT
2010-07-01,-0.06624290685529427,IT
2010-10-01,-0.03013790246388859,IT
2011-01-01,-0.02587709475356661,IT
2011-04-01,-0.05239464001961972,IT
2011-07-01,-0.05534006414660593,IT
2011-10-01,-0.04353007001077234,IT
2012-01-01,0.00015585100000174636,IT
2012-04-01,0.017077664633182037,IT
2012-07-01,0.0942294847875791,IT
2012-10-01,0.26872228572458756,IT
2013-01-01,0.1848435034876444,IT
2013-04-01,0.08802667955338697,IT
2013-07-01,0.07987099531180744,IT
2013-10-01,0.05065330231305382,IT
2014-01-01,0.05712638005030522,IT
2014-04-01,0.05497839606705189,IT
2014-07-01,0.04805454837944968,IT
2014-10-01,0.13094383758766973,IT
2015-01-01,0.24641109220935728,IT
2015-04-01,0.31417389533327444,IT
2015-07-01,0.2625789119681936,IT
2015-10-01,0.029881927544439246,IT
2016-01-01,0.022470391824328754,IT
2016-04-01,0.04433476863903951,IT
2016-07-01,0.10282741283257062,IT
2016-10-01,0.07858485073229687,IT
2017-01-01,0.07104952709985397,IT
2017-04-01,0.10342396256573637,IT
2017-07-01,0.13034297542249706,IT
2017-10-01,0.13034297542249706,IT
2018-01-01,0.13034297542249945,IT
2018-04-01,0.11653021168982637,IT
2018-07-01,0.23604755858015197,IT
2018-10-01,0.2738622349012817,IT
2019-01-01,0.3259498244990003,IT
2019-04-01,0.27386223490128686,IT
2019-07-01,0.3580393722715185,IT
2019-10-01,0.3170014400094996,IT
2020-01-01,0.3054585154834282,IT
2020-04-01,0.10517023364752491,IT
2020-07-01,-0.006289991390816953,IT
2020-10-01,-0.0415423555091026,IT
2021-01-01,-0.05120087335569727,IT
2021-04-01,-0.05718357020290468,IT
2021-07-01,-0.05396089459028029,IT
2021-10-01,-0.09734144098634082,IT
2022-01-01,-0.0813938217203983,IT
2022-04-01,-0.06141108790816514,IT
2022-07-01,-0.06358602198945068,IT
2022-10-01,-0.047690403505117725,IT
2023-01-01,-0.03263252608399877,IT
2023-04-01,-0.0364849097227086,IT
2023-07-01,0.12348621312300563,IT
2023-10-01,0.12348621312300563,IT
2024-01-01,0.14866936878354364,IT
2024-04-01,0.14866936878354908,IT
2024-07-01,0.07161554177053661,IT
2024-10-01,0.14330615394424756,IT
2025-01-01,0.18199236081613304,IT
2025-04-01,0.11083424211536975,IT
1966-07-01,4.136187732148985,JP
1966-10-01,3.77996556855306,JP
1967-01-01,3.7799375457724267,JP
1967-04-01,3.872434438780209,JP
1967-07-01,3.60425902069924,JP
1967-10-01,3.230003988908343,JP
1968-01-01,3.2880822567086967,JP
1968-04-01,3.3486479963418683,JP
1968-07-01,3.2601439612377763,JP
1968-10-01,2.7916170097333417,JP
1969-01-01,2.8506233068685773,JP
1969-04-01,2.8565826794201765,JP
1969-07-01,2.5840021712779064,JP
1969-10-01,2.2795159596844723,JP
1970-01-01,2.3920922318710685,JP
1970-04-01,2.4113105297176323,JP
1970-07-01,2.3274697739466887,JP
1970-10-01,1.939038504824397,JP
1971-01-01,1.8395531534529797,JP
1971-04-01,1.8954771516054163,JP
1971-07-01,1.3297710777164162,JP
1971-10-01,0.8825666537758838,JP
1972-01-01,0.7303697563004133,JP
1972-04-01,0.6850369035365442,JP
1972-07-01,0.623742615563048,JP
1972-10-01,0.5072486763017634,JP
1973-01-01,0.26047859031192677,JP
1973-04-01,0.28092371703588837,JP
1973-07-01,0.28052970323181686,JP
1973-10-01,0.3762222048171591,JP
1974-01-01,0.38466764623926447,JP
1974-04-01,0.4478751814436879,JP
1974-07-01,0.5482619333159142,JP
1974-10-01,1.4153566014708876,JP
1975-01-01,1.3549520276795897,JP
1975-04-01,1.4071451250258187,JP
1975-07-01,1.3170257632781281,JP
1975-10-01,1.2162282129412345,JP
1976-01-01,0.8082510196108511,JP
1976-04-01,0.6943434940862476,JP
1976-07-01,0.4825341797937235,JP
1976-10-01,0.5220114013937487,JP
1977-01-01,0.35505853098089707,JP
1977-04-01,0.20986264333917762,JP
1977-07-01,0.17878903073709285,JP
1977-10-01,-0.048588648959727886,JP
1978-01-01,-0.14263823200902917,JP
1978-04-01,-0.18709142635672074,JP
1978-07-01,-0.27608917543916894,JP
1978-10-01,-0.26588544060439706,JP
1979-01-01,-0.23470305372987568,JP
1979-04-01,-0.191475953965836,JP
1979-07-01,-0.0696549264523311,JP
1979-10-01,0.0738176985068416,JP
1980-01-01,0.40069146745909695,JP
1980-04-01,0.31863016206425515,JP
1980-07-01,0.0801907826464589,JP
1980-10-01,-0.1065912743131123,JP
1981-01-01,-0.12545363401762744,JP
1981-04-01,-0.10659127431311244,JP
1981-07-01,-0.12545363401762744,JP
1981-10-01,-0.1585627931496606,JP
1982-01-01,0.2597326125259346,JP
1982-04-01,0.36792531472260964,JP
1982-07-01,0.29941637042450137,JP
1982-10-01,0.1389772338172193,JP
1983-01-01,0.08819854792469763,JP
1983-04-01,0.061454694514268486,JP
1983-07-01,-0.06980191843168104,JP
1983-10-01,-0.1477762469297174,JP
1984-01-01,-0.23139261059270716,JP
1984-04-01,-0.23139261059270702,JP
1984-07-01,0.033697640809653255,JP
1984-10-01,0.04596212870219467,JP
1985-01-01,0.10283348696843352,JP
1985-04-01,0.4186257550846714,JP
1985-07-01,-0.1742403428701014,JP
1985-10-01,-0.3448475564767749,JP
1986-01-01,-0.4572016119088516,JP
1986-04-01,-0.4958152979776022,JP
1986-07-01,-0.5203544672450934,JP
1986-10-01,-0.5139622716983397,JP
1987-01-01,-0.5417427836933127,JP
1987-04-01,-0.5305133576326686,JP
1987-07-01,-0.5222644623817494,JP
1987-10-01,-0.569242248064484,JP
1988-01-01,-0.5553110709266399,JP
1988-04-01,-0.5304218698178425,JP
1988-07-01,-0.5320669068748796,JP
1988-10-01,-0.532185537295396,JP
1989-01-01,-0.5137322263608115,JP
1989-04-01,-0.5006081136015588,JP
1989-07-01,-0.3084155905467334,JP
1989-10-01,-0.31914835739445224,JP
1990-01-01,-0.31914835739445224,JP
1990-04-01,-0.25376864969553076,JP
1990-07-01,-0.4542188465469894,JP
1990-10-01,-0.5024935343702545,JP
1991-01-01,-0.5004535194002111,JP
1991-04-01,-0.48155203209051733,JP
1991-07-01,-0.5271667105059847,JP
1991-10-01,-0.565037456730453,JP
1992-01-01,-0.54969068582935,JP
1992-04-01,-0.48198193821806085,JP
1992-07-01,-0.5152618830523542,JP
1992-10-01,-0.5105970709283142,JP
1993-01-01,-0.5416582646412632,JP
1993-04-01,-0.5706478545152687,JP
1993-07-01,-0.5674576983523336,JP
1993-10-01,-0.5641512969920305,JP
1994-01-01,-0.5555541342416586,JP
1994-04-01,-0.5592094474075118,JP
1994-07-01,-0.571454973720654,JP
1994-10-01,-0.5204809528105881,JP
1995-01-01,-0.5886153998621838,JP
1995-04-01,-0.59410218820307,JP
1995-07-01,-0.5976572273783296,JP
1995-10-01,-0.5668235320860624,JP
1996-01-01,-0.5691447506034998,JP
1996-04-01,-0.5803972893181161,JP
1996-07-01,-0.585457321354758,JP
1996-10-01,-0.5953561230682864,JP
1997-01-01,-0.6096368991527457,JP
1997-04-01,-0.546029574641723,JP
1997-07-01,-0.5240430501092653,JP
1997-10-01,-0.517080016861956,JP
1998-01-01,-0.520092806775376,JP
1998-04-01,-0.535990956722255,JP
1998-07-01,-0.5190092814499133,JP
1998-10-01,-0.514317516105507,JP
1999-01-01,-0.5096257507611007,JP
1999-04-01,-0.4880523222781886,JP
1999-07-01,-0.5231129071954109,JP
1999-10-01,-0.552154465828269,JP
2000-01-01,-0.5557871846754692,JP
2000-04-01,-0.5430602590558962,JP
2000-07-01,-0.4938345659523474,JP
2000-10-01,-0.4989679538332406,JP
2001-01-01,-0.5498790573971701,JP
2001-04-01,-0.5562285270315617,JP
2001-07-01,-0.5562285270315617,JP
2001-10-01,-0.5662481944118463,JP
2002-01-01,-0.5599651559055996,JP
2002-04-01,-0.5486086174346391,JP
2002-07-01,-0.4861067425581305,JP
2002-10-01,-0.3731318999287689,JP
2003-01-01,-0.36415495322028646,JP
2003-04-01,-0.36415495322028646,JP
2003-07-01,-0.342973899557114,JP
2003-10-01,-0.4280916679975769,JP
2004-01-01,-0.3770258107063302,JP
2004-04-01,-0.3770258107063302,JP
2004-07-01,-0.38560558058314265,JP
2004-10-01,-0.3941853504599552,JP
2005-01-01,-0.38560558058314265,JP
2005-04-01,-0.3100502562109735,JP
2005-07-01,-0.3545192278052056,JP
2005-10-01,-0.42809273643830337,JP
2006-01-01,-0.4150589724168044,JP
2006-04-01,-0.4150589724168044,JP
2006-07-01,-0.43144508991815145,JP
2006-10-01,-0.3669164884649279,JP
2007-01-01,-0.18003195720838713,JP
2007-04-01,-0.3322221445977274,JP
2007-07-01,-0.2711882805802392,JP
2007-10-01,-0.34433244877030195,JP
2008-01-01,-0.5160809319724077,JP
2008-04-01,-0.5110999360621941,JP
2008-07-01,-0.5092198902817202,JP
2008-10-01,-0.5777510311784787,JP
2009-01-01,-0.5777510311784786,JP
2009-04-01,-0.5515360374527786,JP
2009-07-01,-0.5336154023294264,JP
2009-10-01,-0.49039038756893555,JP
2010-01-01,-0.4959358141623338,JP
2010-04-01,-0.48915302598065624,JP
2010-07-01,-0.4403556351330001,JP
2010-10-01,-0.47235802137163285,JP
2011-01-01,-0.4424124511222132,JP
2011-04-01,-0.4347604419896892,JP
2011-07-01,-0.49806697813500145,JP
2011-10-01,-0.503226491196792,JP
2012-01-01,-0.45287637443792894,JP
2012-04-01,-0.2984319975988671,JP
2012-07-01,-0.2984319975988671,JP
2012-10-01,-0.44712470328344806,JP
2013-01-01,-0.541505341525196,JP
2013-04-01,-0.5709996809790943,JP
2013-07-01,-0.5624061137989391,JP
2013-10-01,-0.5724055357678314,JP
2014-01-01,-0.5724055357678314,JP
2014-04-01,-0.5767714458943277,JP
2014-07-01,-0.5337604142179725,JP
2014-10-01,-0.5085964717539508,JP
2015-01-01,-0.4843573956509239,JP
2015-04-01,-0.5012464743372033,JP
2015-07-01,-0.47790446594304525,JP
2015-10-01,-0.48794357095933094,JP
2016-01-01,-0.48794357095933083,JP
2016-04-01,-0.49552588007775444,JP
2016-07-01,-0.5145874597231921,JP
2016-10-01,-0.5076626717292839,JP
2017-01-01,-0.5026353971211776,JP
2017-04-01,-0.48907095665342726,JP
2017-07-01,-0.4832560199397629,JP
2017-10-01,-0.4251718510563634,JP
2018-01-01,-0.4251718510563634,JP
2018-04-01,-0.4172443958080238,JP
2018-07-01,-0.3966192295913605,JP
2018-10-01,-0.20639800655075444,JP
2019-01-01,-0.2006141733691588,JP
2019-04-01,-0.31246389811723296,JP
2019-07-01,-0.3235591522422251,JP
2019-10-01,-0.3131700136174976,JP
2020-01-01,-0.34101502484041446,JP
2020-04-01,-0.45967546855833863,JP
2020-07-01,-0.45649892864102726,JP
2020-10-01,-0.49380177620011617,JP
2021-01-01,-0.46849843867984214,JP
2021-04-01,-0.4573113778156291,JP
2021-07-01,-0.44830760396188685,JP
2021-10-01,-0.4397392761460144,JP
2022-01-01,-0.4557075952389891,JP
2022-04-01,-0.5457897170632401,JP
2022-07-01,-0.5685010758382327,JP
2022-10-01,-0.535097874096041,JP
2023-01-01,-0.5334863586886209,JP
2023-04-01,-0.5271621402576766,JP
2023-07-01,-0.524114000152389,JP
2023-10-01,-0.4586417687222279,JP
2024-01-01,-0.3638100669634815,JP
2024-04-01,-0.4488948213154899,JP
2024-07-01,-0.44620196978657073,JP
2024-10-01,-0.4260394901546092,JP
2025-01-01,-0.35703990129455854,JP
2025-04-01,-0.383352858072048,JP
1962-10-01,2.270445553977388,NL
1963-01-01,2.9975657226989934,NL
1963-04-01,3.002707102021882,NL
1963-07-01,3.0027980488017803,NL
1963-10-01,2.343820807060829,NL
1964-01-01,2.3353028839136516,NL
1964-04-01,2.8015932285875214,NL
1964-07-01,2.2773647905593197,NL
1964-10-01,1.7857922505461001,NL
1965-01-01,2.665095238148518,NL
1965-04-01,2.248858166671902,NL
1965-07-01,2.740266827328512,NL
1965-10-01,2.7402668273285107,NL
1966-01-01,2.6362473133611535,NL
1966-04-01,1.7801702047225247,NL
1966-07-01,2.253431221259665,NL
1966-10-01,2.292363483264485,NL
1967-01-01,2.6521508603644395,NL
1967-04-01,2.5867724214316423,NL
1967-07-01,2.132531264327215,NL
1967-10-01,2.0991532658190026,NL
1968-01-01,1.974302129881775,NL
1968-04-01,1.8907241452975712,NL
1968-07-01,2.067383787625704,NL
1968-10-01,1.9155394292783166,NL
1969-01-01,1.6681903955840127,NL
1969-04-01,1.8490158826280827,NL
1969-07-01,1.822579878764463,NL
1969-10-01,1.229471014497613,NL
1970-01-01,1.5492221041827599,NL
1970-04-01,1.5269650965288126,NL
1970-07-01,1.1913628906651814,NL
1970-10-01,1.4973964222975176,NL
1971-01-01,1.3781605653821547,NL
1971-04-01,1.6359673270812944,NL
1971-07-01,1.4163205909177945,NL
1971-10-01,1.3882870878225393,NL
1972-01-01,1.361198148534453,NL
1972-04-01,1.3143813797007884,NL
1972-07-01,1.1099766502116402,NL
1972-10-01,0.9681594882909694,NL
1973-01-01,0.9418407095032079,NL
1973-04-01,0.7933100310469584,NL
1973-07-01,0.5003182398312154,NL
1973-10-01,0.4733247884610624,NL
1974-01-01,0.38498288367647954,NL
1974-04-01,0.28942502403120673,NL
1974-07-01,0.28533260810511485,NL
1974-10-01,0.27803677253790293,NL
1975-01-01,0.2532939860415811,NL
1975-04-01,0.35419740759928453,NL
1975-07-01,0.5341846665934028,NL
1975-10-01,0.4731137094624655,NL
1976-01-01,0.49253039601162457,NL
1976-04-01,0.4002940421463151,NL
1976-07-01,0.21846794703433767,NL
1976-10-01,0.13962240967515865,NL
1977-01-01,0.07137031254209689,NL
1977-04-01,0.026889532647489167,NL
1977-07-01,0.0029958331335640017,NL
1977-10-01,-0.10221812078228767,NL
1978-01-01,-0.10021063654957574,NL
1978-04-01,-0.1439235461754595,NL
1978-07-01,-0.18539817279326118,NL
1978-10-01,-0.2568619521705839,NL
1979-01-01,-0.2802481813393872,NL
1979-04-01,-0.2646645522281714,NL
1979-07-01,-0.2201592452129644,NL
1979-10-01,-0.26494490449432306,NL
1980-01-01,-0.2404580090954786,NL
1980-04-01,-0.21409339816190823,NL
1980-07-01,-0.16836691615700872,NL
1980-10-01,-0.1488523340982409,NL
1981-01-01,-0.11683001554981659,NL
1981-04-01,-0.10475702805624126,NL
1981-07-01,0.05748490864436705,NL
1981-10-01,0.20152137605871168,NL
1982-01-01,0.2202086382585991,NL
1982-04-01,0.2749801645170465,NL
1982-07-01,0.4069888867354879,NL
1982-10-01,0.5077613360153739,NL
1983-01-01,0.5751621926752075,NL
1983-04-01,0.5246391469339255,NL
1983-07-01,0.6087260133256638,NL
1983-10-01,0.5311058026704555,NL
1984-01-01,0.2823710357014845,NL
1984-04-01,0.380230404062482,NL
1984-07-01,0.4527765702192019,NL
1984-10-01,0.27743229501721167,NL
1985-01-01,0.30088534043273885,NL
1985-04-01,0.2901692936349239,NL
1985-07-01,0.4062570578615365,NL
1985-10-01,0.4404852534074245,NL
1986-01-01,0.2468144561074195,NL
1986-04-01,0.17452652084337406,NL
1986-07-01,0.24462607147682947,NL
1986-10-01,0.05272807975705507,NL
1987-01-01,0.018982370143595773,NL
1987-04-01,-0.10089152694854278,NL
1987-07-01,-0.06396197687583732,NL
1987-10-01,-0.01759130974161469,NL
1988-01-01,-0.153925784476891,NL
1988-04-01,-0.2347238802565041,NL
1988-07-01,-0.23971692278674,NL
1988-10-01,-0.34711065623854515,NL
1989-01-01,-0.39650149326566847,NL
1989-04-01,-0.48792815704186193,NL
1989-07-01,-0.4688475799741349,NL
1989-10-01,-0.4067041953706958,NL
1990-01-01,-0.40470351828616163,NL
1990-04-01,-0.48384033371599583,NL
1990-07-01,-0.42866822240862335,NL
1990-10-01,-0.3826573080633003,NL
1991-01-01,-0.4295911040795275,NL
1991-04-01,-0.46399832965333626,NL
1991-07-01,-0.42720746847574215,NL
1991-10-01,-0.3949520368645374,NL
1992-01-01,-0.3800154641528515,NL
1992-04-01,-0.40604661002562903,NL
1992-07-01,-0.3846731880258546,NL
1992-10-01,-0.37485944154177747,NL
1993-01-01,-0.4299879904378673,NL
1993-04-01,-0.386206026804482,NL
1993-07-01,-0.3397651290158876,NL
1993-10-01,-0.34144482175802365,NL
1994-01-01,-0.37352449468767573,NL
1994-04-01,-0.3607373799244566,NL
1994-07-01,-0.3475831114723861,NL
1994-10-01,-0.42912257647068186,NL
1995-01-01,-0.44550341204319094,NL
1995-04-01,-0.48524837736497956,NL
1995-07-01,-0.4413484487708679,NL
1995-10-01,-0.337281846609009,NL
1996-01-01,-0.392110305841091,NL
1996-04-01,-0.4597956323583572,NL
1996-07-01,-0.4518495141014925,NL
1996-10-01,-0.4921235225607621,NL
1997-01-01,-0.6460433008226802,NL
1997-04-01,-0.704536036645022,NL
1997-07-01,-0.7337050311643553,NL
1997-10-01,-0.706959944347302,NL
1998-01-01,-0.7260018859325842,NL
1998-04-01,-0.7258773646193931,NL
1998-07-01,-0.771488370797407,NL
1998-10-01,-0.7280746858636681,NL
1999-01-01,-0.7431082561788647,NL
1999-04-01,-0.7716714898811845,NL
1999-07-01,-0.8101017735627968,NL
1999-10-01,-0.7923845696847818,NL
2000-01-01,-0.7950138358561372,NL
2000-04-01,-0.804528528513817,NL
2000-07-01,-0.811944239240041,NL
2000-10-01,-0.8081975854622938,NL
2001-01-01,-0.790506870699785,NL
2001-04-01,-0.7734600114789916,NL
2001-07-01,-0.7583274510192494,NL
2001-10-01,-0.7369070619632626,NL
2002-01-01,-0.7282612629993407,NL
2002-04-01,-0.645675990333665,NL
2002-07-01,-0.6249621739172748,NL
2002-10-01,-0.6516293047179513,NL
2003-01-01,-0.5763578215388815,NL
2003-04-01,-0.647802636719188,NL
2003-07-01,-0.6088321265820065,NL
2003-10-01,-0.7701464955852957,NL
2004-01-01,-0.7711196367055834,NL
2004-04-01,-0.7683800530168423,NL
2004-07-01,-0.7683910370439069,NL
2004-10-01,-0.7542741244973749,NL
2005-01-01,-0.7566840253873894,NL
2005-04-01,-0.7870048924088247,NL
2005-07-01,-0.7167300862732972,NL
2005-10-01,-0.7177767644432966,NL
2006-01-01,-0.7376495544706921,NL
2006-04-01,-0.7385378980412645,NL
2006-07-01,-0.7740873293721116,NL
2006-10-01,-0.7302785360477937,NL
2007-01-01,-0.6945366941151201,NL
2007-04-01,-0.707977663606409,NL
2007-07-01,-0.7571463074995723,NL
2007-10-01,-0.7671229083379889,NL
2008-01-01,-0.7762215248268451,NL
2008-04-01,-0.8014872120647749,NL
2008-07-01,-0.8201726924903319,NL
2008-10-01,-0.7534784424217016,NL
2009-01-01,-0.7654268351796574,NL
2009-04-01,-0.7560323210815709,NL
2009-07-01,-0.7421462864728139,NL
2009-10-01,-0.5856594462255731,NL
2010-01-01,-0.4990458396612415,NL
2010-04-01,-0.6944148228059284,NL
2010-07-01,-0.7225193688425107,NL
2010-10-01,-0.7631721239398579,NL
2011-01-01,-0.814647827577195,NL
2011-04-01,-0.853973533217756,NL
2011-07-01,-0.8791108303362926,NL
2011-10-01,-0.8671735833019772,NL
2012-01-01,-0.8371913240351608,NL
2012-04-01,-0.8448709484977319,NL
2012-07-01,-0.829815835504723,NL
2012-10-01,-0.8104284510645805,NL
2013-01-01,-0.7508434724758016,NL
2013-04-01,-0.7164920992161863,NL
2013-07-01,-0.6148506277139546,NL
2013-10-01,-0.5925902042904917,NL
2014-01-01,-0.42657047384886926,NL
2014-04-01,-0.5139462967997344,NL
2014-07-01,-0.5402010984899418,NL
2014-10-01,-0.7209399801873647,NL
2015-01-01,-0.8201864563085263,NL
2015-04-01,-0.794618728400232,NL
2015-07-01,-0.818024590661581,NL
2015-10-01,-0.788852756983643,NL
2016-01-01,-0.7898155488627506,NL
2016-04-01,-0.7734988898361577,NL
2016-07-01,-0.784913214734214,NL
2016-10-01,-0.6816135332063777,NL
2017-01-01,-0.7619255252556677,NL
2017-04-01,-0.7672963450968294,NL
2017-07-01,-0.7950387312685187,NL
2017-10-01,-0.780997201053667,NL
2018-01-01,-0.7987322216328855,NL
2018-04-01,-0.6582601513223675,NL
2018-07-01,-0.6842515940440076,NL
2018-10-01,-0.5379877874896011,NL
2019-01-01,-0.5136840561037073,NL
2019-04-01,-0.3530717523340721,NL
2019-07-01,-0.39512942619786523,NL
2019-10-01,-0.025172662977532873,NL
2020-01-01,-0.3976298400993215,NL
2020-04-01,-0.43056376637100013,NL
2020-07-01,-0.44079097627517466,NL
2020-10-01,-0.4080704433477969,NL
2021-01-01,-0.8075844502862171,NL
2021-04-01,-0.8194206079748507,NL
2021-07-01,-0.8496067326495487,NL
2021-10-01,-0.8252706468770866,NL
2022-01-01,-0.8461404494767374,NL
2022-04-01,-0.8824949996574247,NL
2022-07-01,-0.9323068720083189,NL
2022-10-01,-0.8190627366734868,NL
2023-01-01,-0.7953386899792236,NL
2023-04-01,-0.7550153605750912,NL
2023-07-01,-0.7459071996677434,NL
2023-10-01,-0.5940134754927022,NL
2024-01-01,-0.4068595880606227,NL
2024-04-01,-0.371647143051305,NL
2024-07-01,-0.46963890947710457,NL
2024-10-01,-0.48219753338025056,NL
2025-01-01,-0.4385894297813919,NL
2025-04-01,-0.11011215569496238,NL
1962-10-01,1.5871135871358928,SE
1963-01-01,1.944872362470337,SE
1963-04-01,2.04384408287782,SE
1963-07-01,2.6251285497039474,SE
1963-10-01,2.0604132598305274,SE
1964-01-01,2.5286211148530726,SE
1964-04-01,2.030739134616149,SE
1964-07-01,2.4757843426450905,SE
1964-10-01,2.542835770511448,SE
1965-01-01,2.042662048251336,SE
1965-04-01,2.0218499994991603,SE
1965-07-01,2.0201002279674825,SE
1965-10-01,2.6130101077589285,SE
1966-01-01,2.53178764546633,SE
1966-04-01,2.029041433497462,SE
1966-07-01,2.029491246197518,SE
1966-10-01,2.563564029219331,SE
1967-01-01,2.0485232730701943,SE
1967-04-01,2.448799245705734,SE
1967-07-01,2.3903940810198794,SE
1967-10-01,2.406443574608172,SE
1968-01-01,1.9216391853580947,SE
1968-04-01,1.8526110684618766,SE
1968-07-01,2.126550547383779,SE
1968-10-01,2.1099056531102782,SE
1969-01-01,2.0455921664639334,SE
1969-04-01,1.9312544490266668,SE
1969-07-01,1.7178138809726484,SE
1969-10-01,1.3572428421740208,SE
1970-01-01,1.5391398035709747,SE
1970-04-01,1.549108987128298,SE
1970-07-01,1.510319893861061,SE
1970-10-01,1.3973684844150531,SE
1971-01-01,0.772365129951283,SE
1971-04-01,2.057203698797595,SE
1971-07-01,1.5317679747402824,SE
1971-10-01,1.2512054974382831,SE
1972-01-01,1.087572887371657,SE
1972-04-01,1.1369905379211378,SE
1972-07-01,0.9449801969105318,SE
1972-10-01,0.9152762253341004,SE
1973-01-01,0.8022761527547434,SE
1973-04-01,0.4171803583517172,SE
1973-07-01,0.4347431928761189,SE
1973-10-01,0.5564049801604027,SE
1974-01-01,0.49012153193635327,SE
1974-04-01,0.5380643816574772,SE
1974-07-01,0.3944605837326686,SE
1974-10-01,0.4067378220044426,SE
1975-01-01,0.3706820454258591,SE
1975-04-01,0.254279203473422,SE
1975-07-01,0.3482578347166566,SE
1975-10-01,0.5712029419043284,SE
1976-01-01,0.7877896452974297,SE
1976-04-01,0.6181180280789815,SE
1976-07-01,0.8101327674378418,SE
1976-10-01,0.42766213162247857,SE
1977-01-01,0.5163369773630379,SE
1977-04-01,0.36323614846431646,SE
1977-07-01,0.6099628291523607,SE
1977-10-01,0.7478843421008576,SE
1978-01-01,1.1108809729385203,SE
1978-04-01,0.7673609239863864,SE
1978-07-01,0.42354077207528124,SE
1978-10-01,0.15328143538213468,SE
1979-01-01,0.1723477541351299,SE
1979-04-01,0.05217131024914352,SE
1979-07-01,-0.0014641213566146615,SE
1979-10-01,0.05370011076774808,SE
1980-01-01,0.06891465278626158,SE
1980-04-01,0.07106258784819736,SE
1980-07-01,0.1365812910805032,SE
1980-10-01,0.23256327486663214,SE
1981-01-01,0.5239734122028035,SE
1981-04-01,0.7222565507713852,SE
1981-07-01,0.06608904810238639,SE
1981-10-01,0.14915802515574636,SE
1982-01-01,0.13789870079403266,SE
1982-04-01,0.1069681970468595,SE
1982-07-01,0.14624456503925576,SE
1982-10-01,-0.12217456201776283,SE
1983-01-01,0.18981646119060272,SE
1983-04-01,-0.03340033207011161,SE
1983-07-01,-0.03340033207011118,SE
1983-10-01,-0.23219656381229176,SE
1984-01-01,-0.006506453021170886,SE
1984-04-01,0.15734060832988747,SE
1984-07-01,0.865062249133533,SE
1984-10-01,1.1398763737040511,SE
1985-01-01,0.9247361583828091,SE
1985-04-01,1.1563564306122869,SE
1985-07-01,0.08899170288585496,SE
1985-10-01,-0.07461711993426304,SE
1986-01-01,-0.3160836956558478,SE
1986-04-01,-0.36446460844982875,SE
1986-07-01,-0.420452066526687,SE
1986-10-01,-0.47618084377570397,SE
1987-01-01,-0.5498836196135323,SE
1987-04-01,-0.5347052701030056,SE
1987-07-01,-0.5052064308815973,SE
1987-10-01,-0.6167735757284667,SE
1988-01-01,-0.6304365154660885,SE
1988-04-01,-0.5874551023423885,SE
1988-07-01,-0.5280115833134488,SE
1988-10-01,-0.5740161416067676,SE
1989-01-01,-0.5597688299359925,SE
1989-04-01,-0.5678061431856551,SE
1989-07-01,-0.44421698696490713,SE
1989-10-01,-0.5935368390759929,SE
1990-01-01,-0.6341971772818842,SE
1990-04-01,-0.6896927648604918,SE
1990-07-01,-0.7127083945894639,SE
1990-10-01,-0.7494344293092202,SE
1991-01-01,-0.7243241332480594,SE
1991-04-01,-0.6547336944595257,SE
1991-07-01,-0.5747081667345484,SE
1991-10-01,-0.5063143169444939,SE
1992-01-01,-0.42439581480553923,SE
1992-04-01,-0.4857035504861404,SE
1992-07-01,-0.6308418149736496,SE
1992-10-01,-0.669140572980286,SE
1993-01-01,-0.754356322285729,SE
1993-04-01,-0.754356322285729,SE
1993-07-01,-0.7976606641951615,SE
1993-10-01,-0.8097420962840787,SE
1994-01-01,-0.8281115550065793,SE
1994-04-01,-0.8497498106638666,SE
1994-07-01,-0.3516240676173791,SE
1994-10-01,-0.043799295584143375,SE
1995-01-01,-0.15804010699388352,SE
1995-04-01,-0.17763668037339292,SE
1995-07-01,-0.37404394255300627,SE
1995-10-01,-0.3740924640469118,SE
1996-01-01,-0.3363089778201439,SE
1996-04-01,-0.1975433636704837,SE
1996-07-01,-0.19703938125206275,SE
1996-10-01,-0.11349382225414952,SE
1997-01-01,-0.018038434083770812,SE
1997-04-01,0.30824522402546206,SE
1997-07-01,0.3082452240254612,SE
1997-10-01,0.25420654654701735,SE
1998-01-01,0.2542065465470165,SE
1998-04-01,0.2542065465470197,SE
1998-07-01,0.06182794497489642,SE
1998-10-01,0.13642150402981557,SE
1999-01-01,0.21101506308473472,SE
1999-04-01,0.1364215040298147,SE
1999-07-01,-0.030264154186869188,SE
1999-10-01,0.20038936108873984,SE
2000-01-01,0.252066912132113,SE
2000-04-01,0.4181183982477416,SE
2000-07-01,0.1934418370786383,SE
2000-10-01,0.16039027481680326,SE
2001-01-01,-0.07009224787182208,SE
2001-04-01,-0.2195948286931745,SE
2001-07-01,-0.2038335599846857,SE
2001-10-01,-0.1818713079683295,SE
2002-01-01,-0.2065784664129115,SE
2002-04-01,-0.63844817887815,SE
2002-07-01,-0.63844817887815,SE
2002-10-01,-0.7510487412328172,SE
2003-01-01,-0.7890877470187757,SE
2003-04-01,-0.7978673534740905,SE
2003-07-01,-0.8145630289588246,SE
2003-10-01,-0.8475482147587946,SE
2004-01-01,-0.7653953156107971,SE
2004-04-01,-0.7653953156107973,SE
2004-07-01,-0.6855285853101023,SE
2004-10-01,-0.8338922102984682,SE
2005-01-01,-0.765002742730493,SE
2005-04-01,-0.7369105668653662,SE
2005-07-01,-0.6571597781535757,SE
2005-10-01,-0.6773640779034995,SE
2006-01-01,-0.6288911338321481,SE
2006-04-01,-0.6507577354522986,SE
2006-07-01,-0.6795497415426783,SE
2006-10-01,-0.8262863853253236,SE
2007-01-01,-0.8696105924943772,SE
2007-04-01,-0.9028938953164954,SE
2007-07-01,-0.9441119638843162,SE
2007-10-01,-0.955661316312965,SE
2008-01-01,-0.9787620811698433,SE
2008-04-01,-0.9945635513654985,SE
2008-07-01,-0.9684278614154669,SE
2008-10-01,-0.9489508461551845,SE
2009-01-01,-0.9157654794345462,SE
2009-04-01,-0.8868099226697517,SE
2009-07-01,-0.8868099226697518,SE
2009-10-01,-0.8770728026043837,SE
2010-01-01,-0.8770728026043834,SE
2010-04-01,-0.8253701114995051,SE
2010-07-01,-0.9076550905738281,SE
2010-10-01,-0.9161055762654917,SE
2011-01-01,-0.9471597153202355,SE
2011-04-01,-0.9203861464123984,SE
2011-07-01,-0.9121197624440769,SE
2011-10-01,-0.9203861464123984,SE
2012-01-01,-0.9501108232506948,SE
2012-04-01,-0.7222641845604557,SE
2012-07-01,-0.8018639452450077,SE
2012-10-01,-0.744334712301504,SE
2013-01-01,-0.744334712301504,SE
2013-04-01,-0.7443347123015032,SE
2013-07-01,-0.7972739002185777,SE
2013-10-01,-0.7830415620451778,SE
2014-01-01,-0.817457600163889,SE
2014-04-01,-0.6168371360816461,SE
2014-07-01,-0.7653675650290398,SE
2014-10-01,-0.8450934580946087,SE
2015-01-01,-0.9354089435154067,SE
2015-04-01,-0.9354089435154067,SE
2015-07-01,-0.9277806439368995,SE
2015-10-01,-0.9277806439368995,SE
2016-01-01,-0.9057698968014382,SE
2016-04-01,-0.761526123508464,SE
2016-07-01,-0.7111432786779577,SE
2016-10-01,-0.7111432786779577,SE
2017-01-01,-0.520108679187085,SE
2017-04-01,-0.7321457215296485,SE
2017-07-01,-0.8654103017083856,SE
2017-10-01,-0.8666220606707032,SE
2018-01-01,-0.8818762291408523,SE
2018-04-01,-0.8924980088639102,SE
2018-07-01,-0.8818762291408523,SE
2018-10-01,-0.7867132423911131,SE
2019-01-01,-0.5618576093064598,SE
2019-04-01,-0.5618576093064581,SE
2019-07-01,-0.6627878511627235,SE
2019-10-01,-0.6627878511627235,SE
2020-01-01,-0.6286300867837625,SE
2020-04-01,-0.7446449592490719,SE
2020-07-01,-0.8565802119430788,SE
2020-10-01,-0.9693953292683334,SE
2021-01-01,-0.9606788339447615,SE
2021-04-01,-0.9686986184014416,SE
2021-07-01,-0.9591656858471486,SE
2021-10-01,-0.9723274166184062,SE
2022-01-01,-0.9242042993111395,SE
2022-04-01,-0.8366165981907767,SE
2022-07-01,-0.9222539236833813,SE
2022-10-01,-0.9045240244277517,SE
2023-01-01,-0.9045240244277517,SE
2023-04-01,-0.9088747487820891,SE
2023-07-01,-0.916402958454256,SE
2023-10-01,-0.8939008852842716,SE
2024-01-01,-0.7986643370293574,SE
2024-04-01,-0.7986643370293574,SE
2024-07-01,-0.8655286635667601,SE
2024-10-01,-0.8655286635667601,SE
2025-01-01,-0.8655286635667601,SE
2025-04-01,-0.9010187968103766,SE
1964-10-01,-3.2288360854841596,UK
1965-01-01,0.3272626089665719,UK
1965-04-01,0.4744167477459328,UK
1965-07-01,0.3272626089665719,UK
1965-10-01,-3.2261880644733463,UK
1966-01-01,-3.368280686746926,UK
1966-04-01,-3.81469677485735,UK
1966-07-01,-0.20976191012142964,UK
1966-10-01,-3.817560524867571,UK
1967-01-01,-3.3709807944961105,UK
1967-04-01,-3.2288360854841596,UK
1967-07-01,-0.09327841395268964,UK
1967-10-01,0.0906895437377972,UK
1968-01-01,-0.09327841395268964,UK
1968-04-01,-1.0355647958826695,UK
1968-07-01,-0.6310130151785294,UK
1968-10-01,-0.6310130151785294,UK
1969-01-01,-1.0355647958826695,UK
1969-04-01,-1.0355647958826695,UK
1969-07-01,-0.7902929158218964,UK
1969-10-01,-1.0355647958826695,UK
1970-01-01,-8.876370449411446,UK
1970-04-01,-1.0355647958826695,UK
1970-07-01,-0.7902929158218964,UK
1970-10-01,0.7523936563255688,UK
1971-01-01,-0.7915268772960073,UK
1971-04-01,-0.6321983118495107,UK
1971-07-01,1.022149772420346,UK
1971-10-01,1.505570999161039,UK
1972-01-01,1.438788988656065,UK
1972-04-01,1.5598545813799947,UK
1972-07-01,1.4303798673314652,UK
1972-10-01,1.5377791849718876,UK
1973-01-01,1.5536835313150312,UK
1973-04-01,1.427125412346423,UK
1973-07-01,1.29716068019344,UK
1973-10-01,1.537779184971889,UK
1974-01-01,1.537863365600255,UK
1974-04-01,1.6862189149418658,UK
1974-07-01,1.6862189149418647,UK
1974-10-01,1.641620199475807,UK
1975-01-01,1.796870953546496,UK
1975-04-01,1.6416201994758062,UK
1975-07-01,1.6416201994758062,UK
1975-10-01,1.3753232697806599,UK
1976-01-01,1.2648730154195138,UK
1976-04-01,1.2234011399986906,UK
1976-07-01,1.0387445605961154,UK
1976-10-01,1.0084133654165952,UK
1977-01-01,1.0528018614294161,UK
1977-04-01,1.0003424897526787,UK
1977-07-01,1.1221844741706344,UK
1977-10-01,1.112644788735807,UK
1978-01-01,1.05671870837831,UK
1978-04-01,1.0049487155219954,UK
1978-07-01,1.1126447887358082,UK
1978-10-01,1.0490685222354605,UK
1979-01-01,0.9121215051924167,UK
1979-04-01,0.7945336261157953,UK
1979-07-01,0.8338203938446249,UK
1979-10-01,0.7984858624888871,UK
1980-01-01,0.6143582820889051,UK
1980-04-01,0.5435866754638524,UK
1980-07-01,0.5764190816148989,UK
1980-10-01,0.5763995680117108,UK
1981-01-01,0.5994784220417656,UK
1981-04-01,0.5994579605644149,UK
1981-07-01,0.5333909051931337,UK
1981-10-01,0.4940267210007459,UK
1982-01-01,0.4962534295381518,UK
1982-04-01,0.3646392380592231,UK
1982-07-01,0.33505885490412457,UK
1982-10-01,0.2812078072453992,UK
1983-01-01,0.2817012282049534,UK
1983-04-01,0.2804220023046919,UK
1983-07-01,0.2896988278544916,UK
1983-10-01,0.30770512835343533,UK
1984-01-01,0.29565859824882074,UK
1984-04-01,0.2525015231176135,UK
1984-07-01,0.2659555721260773,UK
1984-10-01,0.20925985223085372,UK
1985-01-01,0.1528225375069516,UK
1985-04-01,0.17431772445192936,UK
1985-07-01,0.15859754514964192,UK
1985-10-01,0.18467274479339021,UK
1986-01-01,0.14081075863656342,UK
1986-04-01,0.12076661744668629,UK
1986-07-01,0.16613256663799594,UK
1986-10-01,0.087870275689069,UK
1987-01-01,0.049659754031713875,UK
1987-04-01,0.051980385450554126,UK
1987-07-01,0.008177393612123059,UK
1987-10-01,0.012037698815033668,UK
1988-01-01,-0.037682849846484796,UK
1988-04-01,-0.08719999424626157,UK
1988-07-01,-0.10464373797851004,UK
1988-10-01,-0.14266694943696548,UK
1989-01-01,-0.16012661393788266,UK
1989-04-01,-0.17580785082516404,UK
1989-07-01,-0.18745780697830797,UK
1989-10-01,-0.18097297287108255,UK
1990-01-01,-0.20321725772603066,UK
1990-04-01,-0.2024186954845849,UK
1990-07-01,-0.20529921010964186,UK
1990-10-01,-0.18995829817633525,UK
1991-01-01,-0.17047486918780322,UK
1991-04-01,-0.14908911801444133,UK
1991-07-01,-0.1304553895622364,UK
1991-10-01,-0.023762717622087263,UK
1992-01-01,0.038618084785758906,UK
1992-04-01,0.06260548361931739,UK
1992-07-01,0.2284868371317411,UK
1992-10-01,0.07779016573988705,UK
1993-01-01,0.33100198872309206,UK
1993-04-01,0.43720594536272933,UK
1993-07-01,0.3619774245462543,UK
1993-10-01,0.1233658381837143,UK
1994-01-01,0.13715730869749027,UK
1994-04-01,0.1809150832531505,UK
1994-07-01,0.4063564372362637,UK
1994-10-01,0.15478309373368784,UK
1995-01-01,0.21951323694779648,UK
1995-04-01,0.20665456664149454,UK
1995-07-01,0.24507519445893486,UK
1995-10-01,0.04817900305025681,UK
1996-01-01,0.07266001870349169,UK
1996-04-01,0.06286755914421865,UK
1996-07-01,0.10465341042290605,UK
1996-10-01,0.08957033000567728,UK
1997-01-01,0.08233358203151095,UK
1997-04-01,0.03423898577963176,UK
1997-07-01,-0.056259577860409284,UK
1997-10-01,-0.06413222444206189,UK
1998-01-01,-0.10071730041578804,UK
1998-04-01,-0.13344306337904513,UK
1998-07-01,-0.1793410138161479,UK
1998-10-01,-0.20339642764576615,UK
1999-01-01,-0.21023980834756079,UK
1999-04-01,-0.22553836204633484,UK
1999-07-01,-0.23906828262646074,UK
1999-10-01,-0.23767273594001362,UK
2000-01-01,-0.24354823106324236,UK
2000-04-01,-0.2603633385751884,UK
2000-07-01,-0.26906973122931865,UK
2000-10-01,-0.25489507059176186,UK
2001-01-01,-0.26536332275628444,UK
2001-04-01,-0.260428258582017,UK
2001-07-01,-0.2557635483416825,UK
2001-10-01,-0.2619107675730124,UK
2002-01-01,-0.24854798732465286,UK
2002-04-01,-0.2605123799365086,UK
2002-07-01,-0.2886985906093164,UK
2002-10-01,-0.28520023880371315,UK
2003-01-01,-0.27016118487006063,UK
2003-04-01,-0.270376095428633,UK
2003-07-01,-0.274450960224037,UK
2003-10-01,-0.26047848239260063,UK
2004-01-01,-0.2422274438634142,UK
2004-04-01,-0.17826880440584203,UK
2004-07-01,-0.2221348930634832,UK
2004-10-01,-0.24877680994948378,UK
2005-01-01,-0.23463733199583506,UK
2005-04-01,-0.27656357047261404,UK
2005-07-01,-0.2970298423996189,UK
2005-10-01,-0.310724473658133,UK
2006-01-01,-0.31092612404887154,UK
2006-04-01,-0.3150370769819434,UK
2006-07-01,-0.33557702066333456,UK
2006-10-01,-0.3324226093370742,UK
2007-01-01,-0.3020773100664093,UK
2007-04-01,-0.2935145037882547,UK
2007-07-01,-0.3090914418993009,UK
2007-10-01,-0.32122000442631493,UK
2008-01-01,-0.32092769398030596,UK
2008-04-01,-0.29870068757388696,UK
2008-07-01,-0.30035549417362745,UK
2008-10-01,-0.33457151885266245,UK
2009-01-01,-0.31904735119550554,UK
2009-04-01,-0.285407368633484,UK
2009-07-01,-0.23687048869739383,UK
2009-10-01,-0.1270132842810079,UK
2010-01-01,-0.08777836981480631,UK
2010-04-01,-0.01982410126528456,UK
2010-07-01,-0.0198241012652832,UK
2010-10-01,0.05665905365571243,UK
2011-01-01,0.261147773452314,UK
2011-04-01,0.24665779464867552,UK
2011-07-01,0.2466577946486691,UK
2011-10-01,0.2995375434832404,UK
2012-01-01,0.1668184443813999,UK
2012-04-01,-0.01731742243647975,UK
2012-07-01,-0.11870951642747356,UK
2012-10-01,-0.07810070404678021,UK
2013-01-01,-0.08408317930029044,UK
2013-04-01,-0.10970979423788896,UK
2013-07-01,-0.10970979423788896,UK
2013-10-01,0.09078148360951883,UK
2014-01-01,0.3101872521352139,UK
2014-04-01,0.3101872521352139,UK
2014-07-01,0.25243118590219943,UK
2014-10-01,0.3101872521352139,UK
2015-01-01,0.3429730818816283,UK
2015-04-01,0.3429730818816282,UK
2015-07-01,0.3429730818816282,UK
2015-10-01,0.21377691715617114,UK
2016-01-01,0.0027047597751158974,UK
2016-04-01,-0.20041656569128538,UK
2016-07-01,-0.27350414924895694,UK
2016-10-01,-0.2856457764861902,UK
2017-01-01,-0.29879259063167884,UK
2017-04-01,-0.29820764133912886,UK
2017-07-01,-0.30893613041824464,UK
2017-10-01,-0.30334741034828555,UK
2018-01-01,-0.2536281808387864,UK
2018-04-01,-0.1840206045939414,UK
2018-07-01,-0.16695159766152204,UK
2018-10-01,-0.057416001730910625,UK
2019-01-01,-0.023793174972741426,UK
2019-04-01,0.09885912586409183,UK
2019-07-01,-0.10359501070272188,UK
2019-10-01,-0.12082624012342126,UK
2020-01-01,-0.21942006415532322,UK
2020-04-01,-0.2839780149495861,UK
2020-07-01,-0.2897132033067572,UK
2020-10-01,-0.30531578269168724,UK
2021-01-01,-0.2716606828241449,UK
2021-04-01,-0.2709544715407434,UK
2021-07-01,-0.28868118595407666,UK
2021-10-01,-0.2369230281474764,UK
2022-01-01,-0.15287154451547316,UK
2022-04-01,-0.11655807529129968,UK
2022-07-01,-0.14291403959607038,UK
2022-10-01,-0.17727257059215853,UK
2023-01-01,0.015351146514249075,UK
2023-04-01,0.125347798279028,UK
2023-07-01,0.1589709068805657,UK
2023-10-01,0.12754655839756504,UK
2024-01-01,0.29292784398700994,UK
2024-04-01,0.30876721793916856,UK
2024-07-01,0.32500690681069044,UK
2024-10-01,-0.03445724293396672,UK
2025-01-01,-0.03189105920081694,UK
2025-04-01,-0.0329549966247511,UK
1947-07-01,2.5805526395557967,US
1947-10-01,2.5138097419269574,US
1948-01-01,2.4884110076110626,US
1948-04-01,2.4665476860101876,US
1948-07-01,2.441634783089042,US
1948-10-01,2.4658477739937297,US
1949-01-01,2.4100336147967036,US
1949-04-01,2.757269269949507,US
1949-07-01,2.923848858631952,US
1949-10-01,3.0570921149632335,US
1950-01-01,2.88133199660692,US
1950-04-01,2.7207594676192497,US
1950-07-01,2.37864993337442,US
1950-10-01,2.1622602549815624,US
1951-01-01,2.0189152012868252,US
1951-04-01,1.8886786176670631,US
1951-07-01,1.9084349890089776,US
1951-10-01,1.9333697639545553,US
1952-01-01,1.982340857111044,US
1952-04-01,2.10562143867011,US
1952-07-01,2.131328635887269,US
1952-10-01,1.8540623765370887,US
1953-01-01,2.0704903753287405,US
1953-04-01,1.8641107460908792,US
1953-07-01,1.9233835054318682,US
1953-10-01,1.8396778362316795,US
1954-01-01,2.129373064000735,US
1954-04-01,2.1576238762727793,US
1954-07-01,2.284071550460032,US
1954-10-01,2.075847393989961,US
1955-01-01,2.165534972683995,US
1955-04-01,1.801212810300203,US
1955-07-01,1.6055881612944591,US
1955-10-01,1.2852546005958674,US
1956-01-01,1.2906468325894638,US
1956-04-01,1.2852178007341504,US
1956-07-01,1.2122706818461424,US
1956-10-01,1.1277104207121684,US
1957-01-01,1.3085853833212964,US
1957-04-01,1.2813055399168005,US
1957-07-01,1.44314578488337,US
1957-10-01,1.5054779811697057,US
1958-01-01,1.6942599847906363,US
1958-04-01,1.7057745911819067,US
1958-07-01,1.8155350527691894,US
1958-10-01,1.539343230878553,US
1959-01-01,1.85850524363104,US
1959-04-01,1.4371028816029803,US
1959-07-01,1.3515560130660498,US
1959-10-01,1.0775619456113756,US
1960-01-01,1.025961461438022,US
1960-04-01,1.074097621768234,US
1960-07-01,1.0807154899787539,US
1960-10-01,0.96429293670444,US
1961-01-01,1.2014910084753432,US
1961-04-01,1.1644684557782474,US
1961-07-01,1.1810030094809427,US
1961-10-01,1.1452896803272876,US
1962-01-01,1.1459084825138581,US
1962-04-01,1.0723156028292034,US
1962-07-01,1.0799200000369207,US
1962-10-01,0.8457678649703023,US
1963-01-01,0.9226695864408548,US
1963-04-01,0.7740175870615503,US
1963-07-01,0.812183104827104,US
1963-10-01,0.6862201980858466,US
1964-01-01,0.7039174426358669,US
1964-04-01,0.6698672518067912,US
1964-07-01,0.6443241172886105,US
1964-10-01,0.5725165346440647,US
1965-01-01,0.5760986872015613,US
1965-04-01,0.5439964095751265,US
1965-07-01,0.5342719568995189,US
1965-10-01,0.4714113815320353,US
1966-01-01,0.5189656401861933,US
1966-04-01,0.41556176050385213,US
1966-07-01,0.3769783558062941,US
1966-10-01,0.43919720530631146,US
1967-01-01,0.49724463510058764,US
1967-04-01,0.49174337195847395,US
1967-07-01,0.506113128034225,US
1967-10-01,0.335051960852415,US
1968-01-01,0.5362069841272193,US
1968-04-01,0.3863925040147304,US
1968-07-01,0.3270930517029337,US
1968-10-01,0.22803360087390587,US
1969-01-01,0.2006481666254218,US
1969-04-01,0.14769777838738551,US
1969-07-01,0.28293703698856487,US
1969-10-01,0.17378856926285655,US
1970-01-01,0.2570181756236151,US
1970-04-01,0.20056536238605627,US
1970-07-01,0.22166650780040237,US
1970-10-01,0.19114750787048662,US
1971-01-01,0.2823025826257413,US
1971-04-01,0.22103752352138714,US
1971-07-01,0.17772125101609862,US
1971-10-01,0.09096391108408894,US
1972-01-01,0.10247149585764637,US
1972-04-01,-0.02876716202783413,US
1972-07-01,-0.05752873708600378,US
1972-10-01,-0.1194119659796962,US
1973-01-01,-0.13364104558986994,US
1973-04-01,-0.19145744025692393,US
1973-07-01,-0.23881104766556246,US
1973-10-01,-0.24719498778856805,US
1974-01-01,-0.2210271941125342,US
1974-04-01,-0.26489250465604786,US
1974-07-01,-0.2573504513795218,US
1974-10-01,-0.2526634050425005,US
1975-01-01,-0.19226046625015708,US
1975-04-01,-0.1550797978983879,US
1975-07-01,-0.1230080541418626,US
1975-10-01,-0.11713159289750756,US
1976-01-01,-0.014387986875013374,US
1976-04-01,-0.047094668648866946,US
1976-07-01,-0.09627272390080292,US
1976-10-01,-0.18293582182844115,US
1977-01-01,-0.2402062653281726,US
1977-04-01,-0.31464822278752663,US
1977-07-01,-0.35159398627498745,US
1977-10-01,-0.3946616994659031,US
1978-01-01,-0.39889369901234484,US
1978-04-01,-0.44170223887010174,US
1978-07-01,-0.47115274784458017,US
1978-10-01,-0.4826057031935291,US
1979-01-01,-0.4781820803158618,US
1979-04-01,-0.49976234053119856,US
1979-07-01,-0.5184424957348218,US
1979-10-01,-0.5215165069805964,US
1980-01-01,-0.5111180504521946,US
1980-04-01,-0.5019925256188474,US
1980-07-01,-0.4824400722239866,US
1980-10-01,-0.49432153189376465,US
1981-01-01,-0.4830492259084517,US
1981-04-01,-0.486645142570452,US
1981-07-01,-0.4664609607400354,US
1981-10-01,-0.4778266233873738,US
1982-01-01,-0.4931811601215127,US
1982-04-01,-0.4777063791605102,US
1982-07-01,-0.4654271125662879,US
1982-10-01,-0.4611536591082627,US
1983-01-01,-0.4193036365757493,US
1983-04-01,-0.42808445339042894,US
1983-07-01,-0.44992456727717844,US
1983-10-01,-0.4972522407407304,US
1984-01-01,-0.523245658894912,US
1984-04-01,-0.5687935675719348,US
1984-07-01,-0.5911853688420385,US
1984-10-01,-0.615832630054243,US
1985-01-01,-0.6236969786661178,US
1985-04-01,-0.6334348499579845,US
1985-07-01,-0.6364738528335678,US
1985-10-01,-0.6529949509785944,US
1986-01-01,-0.6463177307354937,US
1986-04-01,-0.6449846653341246,US
1986-07-01,-0.6428613691372169,US
1986-10-01,-0.6516709671939999,US
1987-01-01,-0.6431175385753977,US
1987-04-01,-0.646755336496989,US
1987-07-01,-0.6401158646760625,US
1987-10-01,-0.6383340061097905,US
1988-01-01,-0.6328526872502043,US
1988-04-01,-0.6370170265370693,US
1988-07-01,-0.6347491854294294,US
1988-10-01,-0.6469217821174338,US
1989-01-01,-0.6391875519773604,US
1989-04-01,-0.6447608663407768,US
1989-07-01,-0.6405366758440862,US
1989-10-01,-0.6440303325713636,US
1990-01-01,-0.6358975705052068,US
1990-04-01,-0.6308617832932882,US
1990-07-01,-0.6197483265064919,US
1990-10-01,-0.6104314858351041,US
1991-01-01,-0.5645239044395277,US
1991-04-01,-0.5478395906841586,US
1991-07-01,-0.48913129384639675,US
1991-10-01,-0.41177207782711134,US
1992-01-01,-0.32434607968831797,US
1992-04-01,-0.2629571248320082,US
1992-07-01,-0.24958797367062255,US
1992-10-01,-0.315565968499674,US
1993-01-01,-0.26703428211249647,US
1993-04-01,-0.4021965188961854,US
1993-07-01,-0.4586653171068791,US
1993-10-01,-0.5134382297021481,US
1994-01-01,-0.5453184200605546,US
1994-04-01,-0.5768244182040603,US
1994-07-01,-0.5972688031566432,US
1994-10-01,-0.6232867676028477,US
1995-01-01,-0.623516543499563,US
1995-04-01,-0.6363634860130956,US
1995-07-01,-0.6406775945363047,US
1995-10-01,-0.6487007733172918,US
1996-01-01,-0.6472637748988137,US
1996-04-01,-0.6555733986474568,US
1996-07-01,-0.6521615249727696,US
1996-10-01,-0.6567564847389171,US
1997-01-01,-0.6505434066933661,US
1997-04-01,-0.658586433674017,US
1997-07-01,-0.6693764241146491,US
1997-10-01,-0.6787069425180539,US
1998-01-01,-0.683827210183536,US
1998-04-01,-0.7049680894187196,US
1998-07-01,-0.713557967335482,US
1998-10-01,-0.7212672543542712,US
1999-01-01,-0.7257646400943346,US
1999-04-01,-0.7280116870949492,US
1999-07-01,-0.7358749945220756,US
1999-10-01,-0.7387976007355281,US
2000-01-01,-0.7367971062873292,US
2000-04-01,-0.7407983104041509,US
2000-07-01,-0.7398477152334062,US
2000-10-01,-0.7380946094820736,US
2001-01-01,-0.7330114199640537,US
2001-04-01,-0.7295728763102857,US
2001-07-01,-0.730951920954938,US
2001-10-01,-0.725139085295115,US
2002-01-01,-0.7181578245521005,US
2002-04-01,-0.7119378460658348,US
2002-07-01,-0.7164506557458605,US
2002-10-01,-0.7254492300295808,US
2003-01-01,-0.7157739843410881,US
2003-04-01,-0.7234361322414019,US
2003-07-01,-0.7328988856214714,US
2003-10-01,-0.7356174207020529,US
2004-01-01,-0.7400675748538768,US
2004-04-01,-0.7469630433324826,US
2004-07-01,-0.7523194692205701,US
2004-10-01,-0.7606369938223096,US
2005-01-01,-0.7577495328496074,US
2005-04-01,-0.7638886515649949,US
2005-07-01,-0.7689806371905933,US
2005-10-01,-0.7727368813069381,US
2006-01-01,-0.7757164619874061,US
2006-04-01,-0.7797108478789556,US
2006-07-01,-0.7806150709964604,US
2006-10-01,-0.7821863755576914,US
2007-01-01,-0.7804787023031585,US
2007-04-01,-0.7830183920349812,US
2007-07-01,-0.7839352683412737,US
2007-10-01,-0.7828535793520477,US
2008-01-01,-0.7798844710044179,US
2008-04-01,-0.7737674456294826,US
2008-07-01,-0.7679039601877022,US
2008-10-01,-0.7583079927409938,US
2009-01-01,-0.7310845905808996,US
2009-04-01,-0.6835867010402401,US
2009-07-01,-0.6112546328736381,US
2009-10-01,-0.6392665191508576,US
2010-01-01,-0.6585610929665179,US
2010-04-01,-0.6719340072056796,US
2010-07-01,-0.6435600002749731,US
2010-10-01,-0.6230787017911885,US
2011-01-01,-0.6043109026056874,US
2011-04-01,-0.5591495172720801,US
2011-07-01,-0.4527133287491706,US
2011-10-01,-0.21099843266283075,US
2012-01-01,-0.14856273907853676,US
2012-04-01,-0.32685272360755074,US
2012-07-01,-0.49842813171730244,US
2012-10-01,-0.5651762504302394,US
2013-01-01,-0.5739335834714973,US
2013-04-01,-0.6141849312107346,US
2013-07-01,-0.6470813561350398,US
2013-10-01,-0.6862143258623635,US
2014-01-01,-0.6927213774019219,US
2014-04-01,-0.6991146420361856,US
2014-07-01,-0.7002767643361631,US
2014-10-01,-0.7185839143745877,US
2015-01-01,-0.7184710590968102,US
2015-04-01,-0.7323495303834016,US
2015-07-01,-0.7287064411538677,US
2015-10-01,-0.7296462349176498,US
2016-01-01,-0.7320546693573471,US
2016-04-01,-0.7346660447115019,US
2016-07-01,-0.7367891300975643,US
2016-10-01,-0.7371530555974917,US
2017-01-01,-0.73020398895028,US
2017-04-01,-0.7387617434485114,US
2017-07-01,-0.743854533824365,US
2017-10-01,-0.7518969277386585,US
2018-01-01,-0.7520401789307248,US
2018-04-01,-0.7596405454658187,US
2018-07-01,-0.7622661165071611,US
2018-10-01,-0.762612053616352,US
2019-01-01,-0.7591134326534551,US
2019-04-01,-0.7603002969855096,US
2019-07-01,-0.7584893350437066,US
2019-10-01,-0.7579464274929332,US
2020-01-01,-0.7676599799977072,US
2020-04-01,-0.7772092805300683,US
2020-07-01,-0.776114637931202,US
2020-10-01,-0.7755356852460306,US
2021-01-01,-0.7755002121399355,US
2021-04-01,-0.787339221773013,US
2021-07-01,-0.7892141064068714,US
2021-10-01,-0.7872076524744918,US
2022-01-01,-0.7891376649434985,US
2022-04-01,-0.7946358884727713,US
2022-07-01,-0.7960496234000964,US
2022-10-01,-0.7950348141214357,US
2023-01-01,-0.7860951032257403,US
2023-04-01,-0.7811769022705639,US
2023-07-01,-0.7696912374252471,US
2023-10-01,-0.7556866497445256,US
2024-01-01,-0.7368281134429666,US
2024-04-01,-0.7295158462558886,US
2024-07-01,-0.7294093863730291,US
2024-10-01,-0.7145957789219951,US
2025-01-01,-0.7055746133276104,US
2025-04-01,-0.7087475437557181,US
